time,S,ub,np,T,a676_a650,a450_a676,chl_a,u,d50,sigma2
2018-07-01 00:00:00,25.618101782710436,0.20468843270282214,1.4012432603006577,17.042985510996274,1.5083596767511365,1.0907520511622708,1.7893803871186713,0.09443891297277288,357.95844557818714,210.0848571481035
2018-07-01 01:00:00,34.260714596148745,0.28481124578640776,1.4087010695038373,15.558067007395058,0.9362428500684181,1.3343605334793205,1.0808996686304173,0.15229574087354833,444.17389716790603,242.0053715502763
2018-07-01 02:00:00,30.979909127171076,0.2911254787423072,1.3564203161847614,15.142307986341015,0.8933562180315074,0.7155297341876165,0.2751670334812492,0.21313687087910074,419.11441266541834,202.4602180360577
2018-07-01 03:00:00,28.979877262955547,0.20002511108105758,1.3400630113932666,17.460376407342967,1.058873027478012,0.7361226339002419,0.5972548974033256,0.1619830310566418,356.37064441380704,189.0945451425213
2018-07-01 04:00:00,,0.21454120101972193,1.324913838806901,17.469794993500503,0.8952289598632578,0.6622117763893303,1.4504793448844535,0.18666198394226702,344.8334366033723,177.8087693430479
2018-07-01 05:00:00,22.33991780504304,0.2878990630586652,1.3952397398073761,18.290139267387126,1.0718279453163746,0.9883521299298959,1.26627997536611,0.1621827926704585,377.072707046042,195.1266549970049
2018-07-01 06:00:00,20.871254182522993,0.2614684373341611,1.3468990018147837,15.902394028442844,0.7623861062072858,0.935120709960874,1.0127519875316797,0.15826773165033492,338.9127969829751,174.0131479920345
2018-07-01 07:00:00,32.992642186624025,0.35347694180199496,1.3154132822114255,16.45575767399847,0.9570245316285818,0.8696097753056029,1.8532430561806221,0.017691315536461083,446.409739312784,239.78318093621343
2018-07-01 08:00:00,29.01672517614813,0.40415509068394556,1.3916573581359288,14.867657610729871,1.2314048021851023,1.0618517256246598,0.5777067798375378,0.06930790509890851,433.0485248379452,234.22508880920697
2018-07-01 09:00:00,30.621088666940683,0.4314217518514282,1.4547899855229836,16.467641462968338,0.9897289675423919,1.1464657210429328,0.9395626728579427,0.17174690120382835,435.26119392246915,263.8777219035825
2018-07-01 10:00:00,20.308767414437035,0.34022268451416,1.379817872653803,18.237773678696918,1.0254872416131788,0.5948675181426316,0.03834371148743807,0.13716398738830354,365.88256733610535,186.77867692131193
2018-07-01 11:00:00,34.54864778242992,0.22676848333739302,1.405154723233549,16.58505951718543,1.085546548849116,0.780605594419777,0.5337494602010496,0.1574499745259011,389.4588729671007,211.2729629766746
2018-07-01 12:00:00,32.48663961200633,0.18465092990715157,1.3824548807564268,18.016045899147546,1.2107190932771787,1.064028718824612,1.5910100504554632,0.12111294231402542,402.3231506723803,208.17570434849526
2018-07-01 13:00:00,23.185086660174143,0.21995492618834372,1.3770333104042656,17.121102598865818,0.7020595518059021,0.8064522632282836,0.5629870956940308,0.16629426596598162,341.3035844034232,184.41402235727395
2018-07-01 14:00:00,22.727374508106507,0.27263138541442905,1.407572294489633,17.84039980746388,1.1052143293307382,0.7403587847283692,0.5258453063661371,0.15878516772741857,360.2787573538929,183.70655162095247
2018-07-01 15:00:00,22.751067647801506,0.09211625740926452,1.3712917636743402,16.175684602836327,0.9517349549364826,1.103707485530079,0.3133447653439348,0.11091660819553073,320.7324483071166,153.66811743361754
2018-07-01 16:00:00,24.563633644393065,0.13883232405754514,1.388021769422157,17.756075474462676,1.029994821156131,0.642099986055204,1.9736522338092295,0.2185030529772261,346.1593813588855,166.62408424904515
2018-07-01 17:00:00,27.871346474483566,0.18482976486613636,1.3896509341858803,14.164867063255553,1.1907910305572278,0.839684038441779,1.3105847279935783,0.2588377525982686,345.7512748324921,190.42794271835967
2018-07-01 18:00:00,,0.18217729490105133,1.3599572863907083,17.6298265764553,0.785046402745868,0.9657288051609617,1.6815728685883218,0.19100824572327066,345.8552465482361,191.72473386878002
2018-07-01 19:00:00,24.368437102970628,0.3058260135520062,1.4097612704860956,15.99684103428477,0.8177240005402439,0.7852360172179762,0.1691894616611377,0.21647224599902903,366.4113990981553,193.64673087656277
2018-07-01 20:00:00,29.17779342083569,0.322820615426474,1.3747512072991377,19.499314279810193,0.6516226072515149,1.056631131202635,0.6924296806576506,0.23412806776864026,423.2821533090006,231.53314264983422
2018-07-01 21:00:00,22.092407909780626,,1.3573276452152145,19.083096520589216,0.9011513904825202,0.7862246049605262,0.6217336718217554,0.2510149147618547,397.678096008128,217.46295661687955
2018-07-01 22:00:00,24.382169728028273,0.34177600678348397,1.396095295307112,18.80764473885477,1.239477821988187,1.1817238986891838,0.6214759364696791,0.12095359509740816,382.07477882272053,211.85710402970466
2018-07-01 23:00:00,25.495427649405375,0.3892414041489928,1.3530459605462688,20.1695942435269,0.9782943060747755,0.8748507405008455,0.4595220549329844,0.20496854952040255,392.286302640573,211.20309031644078
2018-07-02 00:00:00,26.84104976325554,0.4782742944664965,1.3808454347210737,17.301720033465,0.7587775187821386,1.0342540273410707,0.5858816947282003,0.16079919193669764,447.7085534515296,250.84551933427682
2018-07-02 01:00:00,31.777639420895206,0.5147274820683604,1.3797264301006738,20.632545407942867,0.9125778259764915,1.0492047905965634,1.7186459683952873,0.14700983915554258,495.92911339370573,286.4399087106828
2018-07-02 02:00:00,22.995106732375397,0.3479379099735536,1.4125768669749472,19.748856757846927,0.7321848933716879,0.7744919994511854,0.14302872863888041,0.3184788086289375,416.6332913361926,202.5482443166428
2018-07-02 03:00:00,,0.2982624507780971,1.3942409469863986,18.440076653774547,0.7974665016883908,0.4893026902688223,3.9607038125384113,0.28119968802062323,411.87905774859905,219.8151221612907
2018-07-02 04:00:00,28.886218532930638,0.25617053910868426,1.3792491912376457,20.179573553334876,1.0699874038474684,0.9721511509327669,1.2365354302268239,0.21754046428554338,420.918999229027,219.44705482560772
2018-07-02 05:00:00,20.696756190799967,0.2934597401821852,1.4045329889760085,,0.7887028012649149,0.914457669424974,0.7700943359573016,0.07020661620597166,344.4526408296591,178.1014806901597
2018-07-02 06:00:00,29.113172778521573,0.3353301025286923,1.4217062264705194,18.01058300616679,1.2002741749365944,1.0111652055150255,1.8094214990782114,0.1975098177603643,401.95083973849825,231.75073577806077
2018-07-02 07:00:00,22.557861855309373,0.24261965784802567,1.3967343091905557,18.359920781572686,0.9871983476505395,0.8546945055234324,0.21658010023673466,0.10979331040770245,336.37468807265105,192.63551846670632
2018-07-02 08:00:00,20.97577389477919,0.250260841606973,1.3803105785953014,18.54474233572241,1.0154070467100145,0.8139144602398568,0.43982675600785487,0.07766965203465126,360.0548982012853,180.20998611447246
2018-07-02 09:00:00,34.2332830588,0.0885884025523902,1.340644913029495,17.999965038777862,0.9498928658305791,1.3016946021963398,0.7174073701881086,0.0987206532755198,376.0008211238763,196.27151833016075
2018-07-02 10:00:00,34.484480496118394,0.25236748225082434,1.3480465901077388,20.822857101338872,1.1391126109378702,0.6055291876978445,2.734259862024299,0.21621709946732942,416.50274830876623,236.08148781217142
2018-07-02 11:00:00,32.125960221746915,,1.3708432588693598,19.130833337662477,1.140968779799862,1.0467900956728478,0.7672132581628135,,385.71635815401606,214.35683636532033
2018-07-02 12:00:00,24.56920653760056,0.22693622401256883,1.3617146339352213,19.949717475783096,1.0603097833441908,0.7850796283633218,1.199501018921477,0.21140454473779033,348.2347961470181,193.55434974126126
2018-07-02 13:00:00,21.46508171009576,0.20908337968975327,1.3743908609104365,18.926468499215872,1.1016620390633767,0.8328442764519156,0.47059160223305907,0.21734025066100346,316.05738101307224,177.56292736894616
2018-07-02 14:00:00,30.263495397682355,0.3130405717839005,1.381699497746913,17.509244891295726,0.9618238594143234,0.8365794334852069,1.239879640454764,0.1663810088243357,426.0537923380959,228.24789061293467
2018-07-02 15:00:00,26.60228740609402,0.06712788493694,1.3958907826307019,20.099991176368732,1.0975965412436288,0.7393131451657486,3.6196309834306764,0.18020782666852247,341.4975617567819,171.21000173260526
2018-07-02 16:00:00,21.83057352267168,0.12066069206978529,1.3778850366582271,17.562019687615503,0.9391820004147148,1.0142448420472479,1.9597765687181858,0.18452490068780167,322.5187043293714,168.4441306105208
2018-07-02 17:00:00,27.427653651669054,0.1509969838490339,1.3945950493147858,19.853993318640484,1.0004016919892325,,0.743449869542828,0.24084113415356218,336.67974124399717,189.14027285832788
2018-07-02 18:00:00,20.515827816728276,0.14440697768698912,1.3819342324443036,18.372805591553774,0.9505641251140665,0.9940027322493323,1.4693177996854636,0.27453536783847426,341.8365246978116,168.2472240551901
2018-07-02 19:00:00,33.639806031181735,0.31418300803174304,1.3207360030093838,22.47672135945196,0.9177006629225447,0.9206763992424191,1.3453062843454033,,432.10137498002734,237.31915338756957
2018-07-02 20:00:00,23.881699724000253,0.2239417489137584,1.3518199381854372,21.26158548936365,0.8759598764100778,0.7027119001801507,1.2621105422781065,0.2100750647284878,368.5265397920058,183.25255736264924
2018-07-02 21:00:00,29.937834265309732,0.2935029184184838,1.3756773733283514,20.36954523664506,1.0841842186945994,1.00336505316489,2.176274507672469,0.24255437650050027,396.16359643525016,228.74225154822787
2018-07-02 22:00:00,24.675666141341164,0.3089522659894254,1.3437091577147666,,1.2359090643064234,1.3312699263458598,2.1616814807038582,0.21201451792811735,392.8052054013901,216.80133111857444
2018-07-02 23:00:00,27.801020317667163,0.39218812639543904,1.397997861899886,19.372543036756138,1.2107983549005206,0.8238610752409815,0.7134904060321599,0.13429384863408245,434.1299183841811,231.5083610616359
2018-07-03 00:00:00,28.200654190149194,0.2961565616946069,1.425922524970311,21.111044207268474,0.7738182395298216,0.8248032841296268,,0.12837904166579314,418.0529385474302,222.27776479456864
2018-07-03 01:00:00,22.772816832882906,0.22367208125632412,1.4165628555509193,20.768030001799087,1.2320565492532372,0.7877821738038006,0.5666978666327028,0.15409904402653535,360.14211381002957,187.86654020915216
2018-07-03 02:00:00,34.54376941646838,0.31925604947761876,1.3735967138720937,20.913090756314272,0.9427314697087728,0.802117153101116,0.3485726143269903,0.21907237343580593,448.85823083085455,248.0797533304219
2018-07-03 03:00:00,31.626992350416717,0.332504939300742,1.4247217841054984,22.189699968869945,1.1081319427262064,0.3509400892655231,0.6277031398956059,0.19243173373205436,422.16494059094015,229.30303436618348
2018-07-03 04:00:00,34.09248412346284,0.18415846977637873,1.3844600237160631,21.607055044976097,0.836881240231502,0.9810070771711425,0.746922469882857,0.11490711756485623,401.3602040636856,223.37658127009126
2018-07-03 05:00:00,33.422410256414736,0.16076652768640348,1.3698874208664586,21.138281455673784,1.025556384497321,0.7308895647290773,0.17932303378303016,0.1443487715367229,381.08002726887815,203.4811263095085
2018-07-03 06:00:00,28.968499682166275,,1.3615979200937718,18.868237042775732,1.0564701729214432,0.5779473762416399,1.7352573868418488,0.16541662532542686,385.72760443725764,200.43977764143952
2018-07-03 07:00:00,33.82811352534675,0.29493416490555624,1.370925909405356,19.762856711398594,0.7327711374544625,1.0506379899465097,0.06628866036373032,0.18240023292942129,427.45806503382926,237.86158439041336
2018-07-03 08:00:00,21.327387530778793,0.22711546317845296,1.368354695443763,20.826974715015382,1.1094880899419541,0.6835964429916128,9.209096027203117,0.23663243071491857,351.9975106792101,192.93109957950705
2018-07-03 09:00:00,22.93974293628718,0.01,1.3851124866712645,21.144070256804525,1.2422683014108968,0.8322661892232485,3.091163845741533,0.27511485283434506,296.21019526832447,162.5913629370426
2018-07-03 10:00:00,20.67840933365807,,1.3848172194314958,19.73204410732985,0.968563369777307,1.193288478237716,0.6325149621612816,0.20141625935770704,289.18256756520066,171.70525503989145
2018-07-03 11:00:00,24.879954961448966,0.059586612275141074,1.3800913806046022,24.03701581490678,1.2448302635490422,0.6181568403950973,0.806815850625362,0.15588114813168763,336.9868597102836,168.3604207741508
2018-07-03 12:00:00,25.83015934534223,0.01,1.3931081450923903,,0.9658551711785667,0.5934803530804476,1.0507783075981292,0.10311676622168417,324.33594414087213,154.02259145146917
2018-07-03 13:00:00,24.07023547660844,0.01,1.4157193882435901,21.970260227307353,1.1529252155883911,0.9538612379124677,0.4707689296808834,0.17579899994983908,315.13759557488527,158.16876953373506
2018-07-03 14:00:00,32.43106263727894,0.012116744140682326,1.4084866240632397,21.384129790694054,0.6006574061288021,1.1298974728020736,0.9514327063623486,0.2644086064701664,345.661619338821,189.4016214116695
2018-07-03 15:00:00,25.351299900403838,0.09377111693087496,1.3354530609465027,21.091388381248823,1.4353800002764234,0.5851316564536074,0.7027574055832355,,307.80773164615084,163.6615931420333
2018-07-03 16:00:00,24.21401764531071,0.12258727139463237,1.3033823659529413,20.25046212576832,1.2691824841437322,0.9815379473674355,0.7349234044575578,0.18455831504103906,315.70882004618164,169.11737554320234
2018-07-03 17:00:00,28.14044124737373,0.2719330390132636,1.4080295973371781,21.530823344442535,0.9487674092343378,,0.941925971340125,0.270741942438562,402.6507679353736,219.4156881914234
2018-07-03 18:00:00,22.113863374621438,0.3163391019511303,1.3389936390475372,21.790575794026907,0.6450239752041127,0.4881679032615359,0.24528890236020548,0.2647786366560376,376.35542244740543,195.9645576131177
2018-07-03 19:00:00,32.032954711310595,0.4257413747835445,1.3732570379432194,20.03291643013669,1.051845106294988,1.059700267581444,0.829003584813418,0.25704132428168586,461.0164379258986,269.81473418567623
2018-07-03 20:00:00,21.118259655196564,0.26160012457512144,1.344896609218219,21.9641148280946,0.7400934015267238,1.075321175968436,0.9267785977153675,0.1547698042105879,363.5333053619116,191.0324524300982
2018-07-03 21:00:00,34.803304049007764,0.25535603728626793,1.3259405868725993,21.41517170039351,1.0800736367603478,0.837642885348795,0.8983649482278765,0.20558556668311787,421.5018693670871,221.03164533163383
2018-07-03 22:00:00,31.58367153944986,0.1244121561045464,1.3962438818461436,19.34878665526258,1.0740818294495706,1.1504692724596017,0.6587631408232446,0.13960315957928524,364.1126130805999,197.18368964718854
2018-07-03 23:00:00,,0.1437379227247451,1.4027746548090794,20.6406494406605,0.8305474295796356,1.1272911148649691,2.2276081849410696,0.08772068459147364,335.96280037364505,178.64031119179873
2018-07-04 00:00:00,20.082831756854034,0.15572727760598737,1.3627046879781983,21.21001245766495,1.2017740642505879,0.920623585143441,0.5819150228803878,0.10382611614888146,335.2660449407322,159.60875386430683
2018-07-04 01:00:00,32.23192142682251,,1.3022687312356527,24.00305372458644,1.145003446505111,0.8097109219350133,0.9816207614640704,0.09914810628240747,399.25651503061977,210.49382756169368
2018-07-04 02:00:00,30.602860157714257,0.24254184020501765,1.3636126665524255,22.435433925070424,1.1756482007119413,0.7054344214834086,2.5713324541968157,0.11819288210634213,390.83964209140004,220.10465014701342
2018-07-04 03:00:00,30.93510752061481,0.2946518592059056,1.3917541201620762,20.19297707481454,1.0015943866604011,0.8924872981267618,0.7448428091217505,0.05645683119231015,405.4245016318424,233.67565719410672
2018-07-04 04:00:00,31.569055200289185,0.33753151209524546,1.3356326529367761,22.405017904957145,0.7452056679555328,1.0139517839408358,0.9703226726415404,0.16340307710344643,432.21306466162827,243.9097986736729
2018-07-04 05:00:00,21.110669776011356,0.48366635265732316,1.3855007975933746,19.989455601985373,1.1760170089980049,0.8351646277918717,0.7335278422823952,0.2377030239330536,427.00700341240986,224.98609082527935
2018-07-04 06:00:00,25.37698592816409,0.3883427144372363,1.37954070452481,23.16811486906732,0.9513331481555576,0.460499798947594,2.436321361373956,0.09778126591138331,426.08079022951534,231.21629342935293
2018-07-04 07:00:00,21.738035892876944,0.27155808405275506,1.3973787449880326,21.324413518504528,0.7498395742253195,1.153742778915314,0.634387281625299,0.189376227886823,363.45111062312907,190.92547089645865
2018-07-04 08:00:00,32.946551388133905,0.28477734806224125,1.3835874110524244,21.796483091586243,1.2433670858753787,0.9380446443689787,,0.13699401894279623,418.47937966736,244.90382270874116
2018-07-04 09:00:00,29.34947190241337,0.21016174147240535,1.3508079317735533,23.517086020621456,1.3778933536904516,0.8240751006646332,0.7287878120441339,0.2056149435846449,401.0262031376584,208.21462523738413
2018-07-04 10:00:00,24.963470372789736,,1.4158971450499347,,0.9925753367837434,1.0714316776846577,0.36911120845594514,0.191262176590802,388.2672245385635,220.8723452956134
2018-07-04 11:00:00,20.953375254290354,0.290811613238306,1.3752441128091908,20.27873508771234,1.3886418078285925,1.2049277192965513,1.4744607094177524,0.1884838397993411,369.8281550917912,200.6409294171543
2018-07-04 12:00:00,24.664734825734932,0.23332201983689493,1.3791808638147018,21.266812180594435,1.016436651150043,0.3396176861024217,0.6081433804591317,0.17398444491433152,385.0950682563682,178.41389875400654
2018-07-04 13:00:00,24.877749830401207,0.20062015619373702,1.352001961227804,23.223222809773652,0.9315179372500568,0.9868527299844143,1.3983699794093776,0.24911841920260808,370.7244683541711,195.3060740941427
2018-07-04 14:00:00,30.944092675070962,0.27290750321334717,1.3667015324642546,20.162169010986734,0.8865174782466141,0.6146701578379306,0.0685900706288972,0.14709577077006314,379.03799540653154,220.049475158036
2018-07-04 15:00:00,29.563362070328196,0.25341549359082416,1.3534559185791928,18.59319049079476,1.2946748334386937,0.9998221013597883,0.8037565809885127,0.1967278827861384,369.10229555466174,218.4467204454681
2018-07-04 16:00:00,33.3081911386449,0.20105749990314634,1.3748116182022971,21.454954332023775,0.8595741013502011,0.9255854404749159,0.528988640866815,0.25611653956505603,396.80102951703986,212.9816662610339
2018-07-04 17:00:00,27.08322387742924,0.3489684033420849,1.4313512544042701,22.661175130831452,1.1323484757954978,,0.30725527286807586,0.26865032857145826,400.25001086715764,223.86703079767312
2018-07-04 18:00:00,21.793913689074525,0.2507842950865194,1.3388429657120593,23.440314099686596,0.8993505096893425,0.800150477101069,0.48623635167893114,0.37267213200228,364.6897185743425,178.8785365413965
2018-07-04 19:00:00,30.698671808344926,,1.3315931580636977,21.44329253643587,0.9171447827366146,0.5253519776361696,0.4773638067658021,0.26386647343788605,398.00584650720737,214.32867647935376
2018-07-04 20:00:00,31.411775729253463,0.30456049686706055,1.424135109824808,21.50263303357537,1.1854449449145221,0.8099263617486664,0.7661856568977242,0.2877581734183435,431.90763724016784,229.64894408471926
2018-07-04 21:00:00,28.419157963542446,0.1576855389735765,1.373720289685444,23.37645808963434,0.9315933676679163,0.9813695270279567,0.23369524915319742,0.2382894659305209,352.85973769322766,191.39894415941333
2018-07-04 22:00:00,31.564507699318415,0.22380071739397756,1.3599278178402023,19.74169426192444,,,1.0634335282878955,0.2889780441394727,419.32423490835237,224.8949276802941
2018-07-04 23:00:00,27.40693394546586,0.14725188813734835,1.4111971406218822,21.51094325833086,1.2039048454914654,0.665633739905495,2.735870742404235,0.24492548674040143,405.90110091296407,183.40705950579553
2018-07-05 00:00:00,27.840992440729913,,1.361831533807894,22.19564004011971,1.287531512779892,1.1054120853746034,1.0301373016587279,0.19568274513249267,387.3099266906912,222.2979553155929
2018-07-05 01:00:00,26.413115275378246,0.16871717996048674,1.434780291406408,22.494339375389973,1.116044164591162,0.7704255420706958,1.6568963720537169,0.26777397931179336,374.2308812462222,192.78664589945268
2018-07-05 02:00:00,20.381286901161427,0.24852354852024955,1.400337776140178,21.329840380620364,0.8821414403876892,0.9724899763189053,2.142477046124425,0.20317067124594024,360.4487638654862,185.1992564084508
2018-07-05 03:00:00,21.618371404899566,0.3374331292677517,1.3653626577556288,21.967459257617836,0.9080904701264357,0.7980212094268735,2.4343919422733076,0.10913885721353078,383.9803684530009,203.8940346012622
2018-07-05 04:00:00,20.471437785301013,0.38011811253805056,1.444719246397965,18.92285369397766,1.0143847474732068,0.9364341255424203,4.305878888058959,0.10647250133768876,386.1587039992373,210.90980942025485
2018-07-05 05:00:00,29.546156168956706,0.36118801063568357,1.3618285523098996,21.099865005885363,1.0577674111466184,1.078375526914055,0.510469009310098,0.1730254775979252,411.5063997027497,240.82348931653632
2018-07-05 06:00:00,24.7153397161449,0.3093275320106026,1.4022628611602792,22.413096059468195,0.8221841361748411,0.6545971845422929,0.41904408996078524,0.2593376116539806,376.01133567962705,202.90404183543822
2018-07-05 07:00:00,27.62856036747054,0.2454157063006343,1.3889787774121947,20.667467547605796,1.1301468291243755,0.7640188206506338,1.6192701648031365,0.2342703295101791,395.9007416130092,197.52019908239748
2018-07-05 08:00:00,33.613497108891394,0.36447376967581235,1.4190522386819637,21.892555423563497,1.015392399335128,0.9369925174684174,1.5133050690589656,0.291654021740149,456.7577057528671,260.8466104260257
2018-07-05 09:00:00,23.739383437233123,0.27417202115965716,1.4268453359018054,22.331801958697646,0.6911725026451367,1.3803167322060705,1.6079566610977294,0.16550191775543377,353.3495596382582,210.67725353844622
2018-07-05 10:00:00,26.155743845534445,0.18395512892616028,1.380960124471973,21.356511134600595,0.8327932331570685,0.7273620575666344,4.3807093245072775,0.1447053427641861,380.70813837343013,196.61237657362537
2018-07-05 11:00:00,31.33326707814573,0.2569981050509386,1.3573974638896145,21.942385060974097,0.9092568387427006,1.3080267771993839,0.8082283626135459,0.14150869862926557,407.06542857916554,222.44613911103252
2018-07-05 12:00:00,23.431972482374338,0.19120772928073743,1.3937991642881733,20.551060019429386,0.9868856160086101,1.3008846607350342,1.1739772609689618,0.15003165352920816,368.7457153477138,189.71146371922305
2018-07-05 13:00:00,21.154698647431896,0.13284033069922602,1.3596685389074368,21.425177917960646,1.3400701831907194,0.8805377698596818,0.33104764291979316,0.1670646554125367,328.05587737988674,166.48927821320245
2018-07-05 14:00:00,24.34627179370652,0.052499890515877015,1.4404016174257985,22.37041512822252,1.042870835105133,0.84036949476002,5.46653773194539,0.2136934506910536,320.45334015302353,173.74541088222293
2018-07-05 15:00:00,22.418319308810066,0.0731171362042725,1.384096059932482,21.78985011214533,0.8486610598182475,0.7615869602670616,0.5909440238246555,0.17352766012440274,289.05695210430105,158.62619512166495
2018-07-05 16:00:00,33.9454647851386,0.11956479343127131,1.3690403534606366,20.859265603924,1.0397135447752894,0.8863594939334662,0.6062045026881456,0.18445831729182918,361.3642713534773,199.8173215645486
2018-07-05 17:00:00,32.12180569346626,0.17814269361474583,1.3855404091759471,21.792088805863596,0.9366242054583014,0.6186561134880884,0.5855413627751347,0.1799676169556544,377.4673964553019,195.28073866724108
2018-07-05 18:00:00,29.501056347656352,0.27580438507428073,1.339586211314109,22.33880449461955,,0.8847521965358806,0.4477367530408234,0.12442717593992364,413.72835072283453,215.3527567783516
2018-07-05 19:00:00,33.07190885281577,0.31021490344526,1.3508515788446804,18.977917187926927,1.1045021836664106,1.1993760547701713,0.4149335486626382,0.13983630421906806,424.9765730501,219.5141396325289
2018-07-05 20:00:00,32.05508115348672,0.2768806548474276,1.4160124172383326,22.78365315574208,1.2176615165003088,0.7777829875046565,0.49933532950136755,0.14728221073761374,440.8401640239604,231.09901317192853
2018-07-05 21:00:00,22.798550883290538,0.2529608042828217,1.360293171630858,20.94253345871292,0.9956284307793953,0.8518551392021899,0.2340173814785785,0.15046449254238548,339.5975023294211,184.65353680361792
2018-07-05 22:00:00,33.388384977349666,0.2928851605111899,1.3485926705195417,21.80827347704184,1.29501289496797,0.5597719051465516,0.39458145654117016,0.16418426292031832,443.6250510970276,223.4913890393929
2018-07-05 23:00:00,28.090133628734762,0.3818252253921185,1.3960995825758185,22.684414551210647,1.1634440792565144,0.9748124176262087,4.622442518227087,0.17505097018899415,459.52082046439835,252.38781108929663
2018-07-06 00:00:00,32.111602327460936,0.35238279373313897,,19.550143986030072,0.8726608819338062,0.9528963369902748,1.5510716481899673,,416.9383448168178,256.6996333382142
2018-07-06 01:00:00,33.441369498852396,0.28413748727636456,1.4015685993199518,20.29167460129962,1.3977740198347235,0.9127404719531542,1.8407446811127872,,459.77756476813954,240.97729477303926
2018-07-06 02:00:00,24.77005212457796,0.19446696100661154,1.4098814305741745,20.74203014188771,1.0588590123886177,0.8566345899555714,2.3079146256936527,0.14524232636288895,367.17916784248115,187.7947695137298
2018-07-06 03:00:00,21.65077886791515,0.09551045155165003,1.3572961473429161,20.09151918232323,0.8496775892849977,0.841448416245509,4.168588780588818,0.1158871893095396,330.372342306457,166.54113179898704
2018-07-06 04:00:00,23.419027438129124,0.1951588898496369,1.3373456799977446,23.05614932633442,1.2975243492214759,1.0003800467401345,0.16244369206767975,0.3083301310391371,338.02432742255576,179.07485076297203
2018-07-06 05:00:00,26.406616829393844,0.2578495047859104,1.4250400095586644,19.8867857531418,1.37399996533572,0.8942366796822754,0.2644671174499343,0.19471859732412844,403.0274387494122,203.18035006190115
2018-07-06 06:00:00,32.27022148883739,0.3016837353586702,1.370319604834736,20.187445830865446,0.9940554525304791,0.9629943743110665,0.3880989888020519,0.10760587791189155,404.0376803147415,238.1098465268742
2018-07-06 07:00:00,32.910958748845154,0.2758858590429047,1.3724750095063485,21.03707989820733,,0.9429965634909097,0.5241903652600347,0.180632131447208,431.6423776507239,230.47982292431945
2018-07-06 08:00:00,20.10428195796786,0.38067488100137337,1.4198458242554717,19.285485090349027,0.9689725076583409,1.1246854574191523,0.6103907196533002,0.055752087641892364,390.91496726737074,196.58722578014496
2018-07-06 09:00:00,27.661209538663485,0.30274293713417594,1.3966869002820197,20.18805891463431,1.128651710953186,1.0353988194750108,0.5350348741734625,0.09133481798678908,387.41404623417094,209.16698816806365
2018-07-06 10:00:00,26.261165047231685,0.3633415949704996,1.3936766331624482,20.97721057221408,1.2300141979054926,0.9385723686300381,0.9745635692337171,0.25555038629666277,445.75124094916174,229.82886851351603
2018-07-06 11:00:00,23.331617157060954,0.3262396848801863,1.4449500703470324,20.12882499607762,1.1026877195554432,1.203684406130436,0.8258206170865414,0.13263407644879363,393.30491494224685,219.77229865264113
2018-07-06 12:00:00,21.797980510005242,0.2546997182417834,1.3606944530885956,20.346804722184427,1.0183101775249186,0.9840537058113124,0.41740643525750876,0.03266257672495339,360.53829557988087,177.5047767774079
2018-07-06 13:00:00,25.06422757105442,0.30069222735466933,1.407835203842437,19.752923674776977,1.2696421186547968,1.1609925377580839,0.1129130245817583,0.01,364.29465599489924,212.27668887260972
2018-07-06 14:00:00,34.14364555868779,0.31825544864298805,1.3817103937469124,18.498674431014987,0.943689434850726,1.0213885216773275,0.3273499862316588,0.1268895784513252,466.31353265850566,249.23121841389076
2018-07-06 15:00:00,24.848043980311328,0.32633663479144576,1.3880577683658977,20.62855254072637,1.1855654809060432,0.5316161842136914,0.48799098859393303,0.21562035026994386,376.09276364750343,213.92251681399924
2018-07-06 16:00:00,27.781859326150492,0.30993791811850796,1.4258540527923758,22.273869908730674,0.9481486962967699,1.160966952663866,0.640494308032576,0.1706168823432558,425.6339535658385,230.46218965987984
2018-07-06 17:00:00,30.545284383427667,0.2889250961456091,1.3952350726886886,20.114072117315118,1.0775841324419608,0.9270352482685338,0.28942928878834195,0.2153628736460176,395.2370555694818,226.05112211600178
2018-07-06 18:00:00,25.45444403568941,0.46831732673156146,1.396148882371489,20.285100578850212,0.9795587383377188,0.8896090458198445,0.5143407110484364,0.28463304383832994,426.54040459947447,228.6419591664168
2018-07-06 19:00:00,34.57673124081441,0.49756266032778684,1.4121752201192939,20.767621480083275,0.989946607122494,0.9562696694979155,0.2890856693815805,0.35002061116878747,519.7059390282125,306.3811355063751
2018-07-06 20:00:00,34.43670942413167,0.4811200138282917,1.3690514181137132,18.3335290622632,0.9320704268568022,0.8310033676085865,0.7143509093418839,0.2672322498304816,511.6408045337084,276.672441303812
2018-07-06 21:00:00,23.776734437380462,0.4207279423360753,1.3548237099798297,21.81893993605455,1.242073725612525,0.9454057720777891,0.3045482503223589,0.09425104683808977,393.4756551020117,219.09623658833152
2018-07-06 22:00:00,27.45872758838578,0.4500821356829862,1.3486557241793689,19.936763407661314,0.8680733131404637,0.7816247867313815,0.372634310128185,0.07929789275827266,454.54560902892575,237.2664452815665
2018-07-06 23:00:00,24.513174647251546,0.4314970770894065,1.32100930231872,21.56911841781922,0.8667581945412325,1.154854451746874,0.246360524490863,0.09397048395884815,428.63823809806047,238.1164137082115
2018-07-07 00:00:00,24.272607415662016,0.3791443341845074,1.4416862138982096,18.647071919126052,1.3817788418521197,0.87728237727579,0.6967739932035467,0.11284596258060545,397.90117535298856,234.79790525979695
2018-07-07 01:00:00,20.553304210317993,0.316115887907882,1.3469037490283493,21.623132925175668,1.1760125616377797,0.8234832314555133,0.36679706353143304,0.1284360134878401,384.254812956689,190.64038038942098
2018-07-07 02:00:00,29.143465009698453,0.28980773452250236,1.3733623912924267,20.285344013666222,0.5706795342352535,0.7150148368561452,1.8093402728441015,0.2161952839685442,395.9824144802598,229.71668878327077
2018-07-07 03:00:00,27.54018534843292,0.024231355295507184,1.3716956010033323,19.93148231311299,0.8982534269421274,0.9537551578297283,1.1527169126359549,0.2781828759823814,310.60744335247074,164.5122182849586
2018-07-07 04:00:00,20.77218126874984,0.10881001585066638,1.389222200934273,19.46034493062301,0.6738419192388303,0.9374214200250184,0.7512549285566568,0.22860930635394183,323.1294014257713,159.04217462617586
2018-07-07 05:00:00,24.179696963549173,0.11208892468663771,1.4044721163761789,18.791994107770986,0.8288756751852541,0.9776849227355013,0.39028403934817213,0.2750746763754742,316.53114555696453,176.8739127667988
2018-07-07 06:00:00,33.623988289499806,0.2808758471432772,1.4058142046507922,20.440637990168646,0.43506736007787283,0.6945496224989742,1.1267357364288981,0.2585044878231499,447.2131836559181,238.3341582425109
2018-07-07 07:00:00,23.593428360004587,0.27316061866523433,1.3625076768429318,19.07728956529568,0.9753418760150904,0.5797637602376854,1.4895696445834337,0.23097305106564425,374.0407932722247,198.14358403064276
2018-07-07 08:00:00,22.173423081368348,0.17109535950286708,1.3749863485864076,16.456345732410764,0.7944504725509639,1.025118260501312,0.9096239739273365,0.2649764800659844,328.70381204443163,179.81885649181018
2018-07-07 09:00:00,27.341791404163445,0.19077633932175755,1.3884773985146488,17.38331924438888,1.0107829462233588,1.1969283723753015,3.387824986593829,0.2353210109338656,382.4138726537529,206.63409191881763
2018-07-07 10:00:00,34.78475681165901,0.12485375072022996,1.3725392662144935,18.407211978103167,0.7074781734011455,0.6947292755220208,1.2098907121025848,0.3366612771861851,375.6911625190682,208.19796779295143
2018-07-07 11:00:00,23.630829072672505,0.2002702187611583,1.4282203672805998,18.907708350242864,1.0149241335709671,1.2178882567123397,1.820484991611677,0.1876920963040375,361.1301131739244,205.7757029753042
2018-07-07 12:00:00,30.08203321108818,0.23846494227996964,1.3947292485491474,18.37251367177493,0.9253150699383411,0.9567822117472762,0.9021859047472058,0.15370500383690144,407.84844234703615,210.80452804914418
2018-07-07 13:00:00,31.424294229930766,0.3185526300846402,1.4020463335814943,19.807151718688043,1.2703515337339473,0.8985874190898341,1.469547391757456,0.15663186848490385,446.1628396511453,234.44752423833052
2018-07-07 14:00:00,23.564563159885996,0.23471629772368288,1.3998864380600222,,1.2540442351142125,0.8204902606908444,0.3905314946989959,0.19234628251842176,362.70372286000634,174.73404575161115
2018-07-07 15:00:00,30.923245229177894,0.24202205610482977,1.4152042157245597,18.322513221077994,1.1413622085418509,0.6230963961150007,0.5295635627364805,,381.1127502277678,220.93007189126698
2018-07-07 16:00:00,25.516746990788796,0.13521369563925,1.385430646761111,15.870545789489427,0.9412095194809817,1.0975457031849198,1.095579718893161,0.22862732520817364,341.3721397079601,175.7910514130684
2018-07-07 17:00:00,29.48458745890369,0.22576916950145215,1.3410950415613245,18.865063681323942,1.3573684711468528,0.7448787277124794,1.0884405481835555,0.12384261615453175,375.3217981370129,209.82324599063085
2018-07-07 18:00:00,29.50294566141342,0.2745481130862263,1.391990638552579,17.740751508919285,0.7204536499888323,0.7440386648524799,1.2632744114618237,0.19685640348001932,385.9030773265005,211.8618898646997
2018-07-07 19:00:00,28.036620261121378,0.3068480808425641,1.360459293186245,18.257762194765363,0.7473594466785407,1.0983852619773908,2.1537490154707974,0.23541136805652946,406.7500786440447,234.22204450043353
2018-07-07 20:00:00,21.354346550816125,0.28992317909835014,1.3641414995475072,16.61716458219428,0.9849190420199684,0.5234033106656547,0.22188021696480348,0.0967353012711533,338.9148299258369,171.89937520379007
2018-07-07 21:00:00,32.52953743383857,0.31112805663194837,1.3975909205626527,19.088272188604428,1.4057268596058015,0.5952804378663666,0.33282087582479125,0.12981293274244401,444.1462853394967,224.786989896888
2018-07-07 22:00:00,24.811700974576038,0.4211367683070516,1.4171484921430089,18.701600970468625,0.9635789967633842,0.8963731512983837,0.9836076664961945,0.054479249804648536,432.27789775309833,227.6181846046492
2018-07-07 23:00:00,22.797777655997812,0.34698819725157504,1.3806381473020817,18.049959489677452,0.9670158562223292,0.9586568858009704,0.4168324985817553,0.06480848403266537,353.89576626501935,199.9084926228544
2018-07-08 00:00:00,20.61162712332146,0.32898335277290924,1.3892649903779688,17.09204944867043,0.7404561358998744,0.9969469295937848,16.72405104761104,0.056716554801831236,382.6995444091672,216.27656825571242
2018-07-08 01:00:00,28.863394147823627,0.21839824300652366,1.431066448339057,17.84068271461343,1.1702673253486682,0.8396403013207494,1.2725262602125917,0.1545858147756179,365.3035816097291,204.47364310208187
2018-07-08 02:00:00,30.163465427634236,0.15841789317669996,1.3872225953846569,16.19361798441676,1.1715717257792837,1.4060739337283379,0.7455438586271539,0.17176129931570175,355.93626907517256,204.05111238738326
2018-07-08 03:00:00,20.248817433917843,0.19371758867115457,1.4580504934254117,17.965273581066242,1.1420335362519838,0.8544214882468332,,0.09792131954405939,340.15055696396195,170.3538041280953
2018-07-08 04:00:00,27.681395874489215,0.29891699580596076,1.3969652893689462,18.8144156789491,0.8867402788874748,,0.5192916507325948,0.18355674950387618,393.67475333478114,209.7261101417847
2018-07-08 05:00:00,23.39743662796907,0.26373943112404674,1.3271771172253253,18.01594873240591,0.872792781692859,,0.8219982966495895,0.09610570026662085,351.33873729598145,182.27229612861873
2018-07-08 06:00:00,29.677591856141746,0.24074427944186283,1.402600248633136,15.751647815837032,0.7672379949271053,0.9247813633042142,0.8848299388284595,0.14947024758822913,405.8184168834477,218.95608187195015
2018-07-08 07:00:00,22.61549643507487,0.21097017604895402,,16.956635237213675,1.015097050316968,1.022992246409355,0.5303740421018622,0.11284150839544413,313.4695747948044,180.69523146663576
2018-07-08 08:00:00,30.36406607153699,0.17989858956672194,1.4186925826224823,14.866768989954375,0.8055266807298698,1.140715610906692,0.6256397372274857,0.1177642800854353,385.4745866440371,190.10491411585798
2018-07-08 09:00:00,25.801030194508062,0.2245267291534111,1.4001954405380987,17.000884110868473,0.7880650290551281,0.6021431471119565,2.6824017441695935,0.1729148129335642,366.84341446871196,190.29123129082484
2018-07-08 10:00:00,34.050949831051014,0.11238809879309619,1.3758463204804867,16.75012107565005,0.9237356709560783,0.8508009323288599,2.7812790590392558,0.20703585170371028,370.58086433349087,196.93836087005977
2018-07-08 11:00:00,22.0628141621899,0.25614683528850557,1.343271052911319,13.860934831185105,0.911951888466841,0.9893407221618289,1.0036938360860104,0.2764396554355838,337.45858627070595,190.30112704295453
2018-07-08 12:00:00,25.115995265753877,0.20106900085159704,1.3737293022814192,14.605859387305163,0.9031638648120481,1.0174115069189071,0.23924256968549848,0.23292857128106306,361.31612726025935,185.69744481117337
2018-07-08 13:00:00,21.702102818608836,0.27350057943116923,1.3544843863737208,15.555518885283782,1.083960027431247,0.9013097315609079,1.2988890077543362,0.23014419454643828,337.1749404851108,180.9211499255142
2018-07-08 14:00:00,33.87040427417844,0.1648505178103084,1.362584296505858,15.429571323216003,1.0142286043870503,1.0084847939064203,3.2404449354617344,0.1838222773836035,386.3709190778773,221.62497295582182
2018-07-08 15:00:00,33.160090300714714,0.24390257291091333,1.397657352132618,14.234611940039773,0.9481319145079988,0.73820722141484,2.7446661335765015,0.19321275938752994,416.7276843015191,218.99247141798443
2018-07-08 16:00:00,23.869124415727335,,1.430097135130542,16.048235632757873,1.0329423270960667,1.2115810864636714,1.5493565507832066,0.21429681851302865,358.3056845036029,215.66370406378206
2018-07-08 17:00:00,29.899760690512686,0.3153773245244311,1.3918401458946894,15.778833874242668,0.8215251326011662,1.098525620595886,2.8778316418607885,0.19467950026055464,406.2393768547145,226.91125244390923
2018-07-08 18:00:00,32.25833300301824,0.21620984542311839,1.3441235081389444,15.139706262019859,1.018950152303742,0.6310144425869655,0.8393750047185843,0.080582671110783,381.840364049165,187.19456873049458
2018-07-08 19:00:00,28.328012173991937,0.24631074696402902,1.3933380800466042,14.361834139379077,1.027108448712034,0.6849793903766489,1.4079702405452879,0.14023785644632353,368.3606800462142,191.3224353771123
2018-07-08 20:00:00,27.944758675340097,0.15277302809606919,1.4158989445993695,16.423409945939483,0.7294515653156535,0.6906156499786188,0.4335095031848117,0.1780164025091215,342.53280766471744,165.71725587864645
2018-07-08 21:00:00,23.627784363506777,0.1617200592595536,1.3617065128704184,17.047881745464572,1.1792248757866652,1.0355939941793058,1.0407018686453973,0.13799943292459585,331.08254356568176,185.53945241645
2018-07-08 22:00:00,21.396541517088487,0.2705570895581136,1.3759794849998124,14.377837153382574,0.8413419330591408,0.6430544467165066,2.6470273833944873,0.07773643759040666,364.39085392667835,182.13728583552597
2018-07-08 23:00:00,33.458236369299904,0.32812611685633886,1.3804406458418759,14.120545727154948,1.0162557638571583,0.8337951331583839,0.4706575019085095,0.20719461158448194,421.2370031236123,227.5554927837972
2018-07-09 00:00:00,33.506270857449955,0.3059029172026718,1.3564530506075327,15.341979053587842,1.2095941132963486,0.990940879283355,0.3684528090503182,0.22580349760435328,435.90819648266313,234.44618542761097
2018-07-09 01:00:00,29.49652185909902,0.2111475159680429,1.3994484130153158,14.220658418240426,1.1666218163884965,0.886766813090713,0.8733634330252924,0.19373723670730938,360.2441108253605,199.20613058612088
2018-07-09 02:00:00,25.08544686573051,0.27445027815156553,1.3763715555417664,14.381191985606113,1.0061800099423903,,0.6523725172955998,0.1200203690355364,349.6719890473771,197.07553022122508
2018-07-09 03:00:00,25.238143619189913,0.2686656937219379,1.3925859733172108,15.334669511454482,0.9347501794812276,0.6868394577302483,1.434891731092514,0.09470333171604109,398.67857404141444,199.25583316950946
2018-07-09 04:00:00,30.88933518305359,0.07744073774692267,1.353375234665937,12.054948560089255,1.1705521435436022,1.018970874679449,0.532018442085784,0.20697742283679854,318.25908080875985,168.9920551668031
2018-07-09 05:00:00,33.45665389928865,0.1918189025281673,1.3668762509902976,15.827732561486785,1.1214450960055515,0.7773576215048007,3.756366383300081,0.2044461701541619,378.47566762791115,207.02899297888754
2018-07-09 06:00:00,33.306296363976756,0.20733460506014176,1.401671440734833,14.233114662945523,0.8886942963920565,0.8350760651204118,0.25061132663444013,0.16163247807245473,361.4802050999288,208.91875722188067
2018-07-09 07:00:00,31.698133187864357,0.316330323380745,1.368815005437247,13.552799299782443,0.8569191435396957,0.9475463455811972,2.4724702603772686,0.1995608407169522,437.2911308694322,236.27993809361695
2018-07-09 08:00:00,29.630474692314316,0.20880958485909715,1.431808915537002,13.840798154980249,0.6269760672947203,0.9206156443061697,0.401917732514772,0.1428726131833919,371.9137170158717,201.04334885808717
2018-07-09 09:00:00,21.262099474925733,0.01,1.3680109144315618,,1.0277257315030457,0.9047960038031186,0.15889240364922297,0.24777414972685785,269.18745564414075,142.5224715900113
2018-07-09 10:00:00,22.424430711419205,0.07424799170959638,1.3867405417725565,11.674918875370619,0.9851144058966882,0.7498746356046488,0.9909849706594202,0.3018325219299182,294.9379051923906,145.43629253037545
2018-07-09 11:00:00,33.47831282790619,0.15029868833127533,1.4079777249561927,15.449539102008242,1.2045144474356575,0.8400901177601616,0.6361691838166346,0.22510506888578433,387.2493967427123,193.4161186295117
2018-07-09 12:00:00,29.09643589489385,0.04495535162337655,1.337449028012009,13.609170900269943,1.064629916826466,0.9004367181674072,0.2947015933916715,0.169342826509619,305.6184958451109,157.691255141389
2018-07-09 13:00:00,20.137955774249445,0.028188782467035073,1.3271757356405767,13.995892986092654,1.2401612549510843,0.624982953366583,0.17615645079046682,0.016517703984234605,295.4311025436225,124.57803795554229
2018-07-09 14:00:00,21.522073142990482,0.3151495672245167,1.334230310562897,14.51163284395439,0.8744744389750893,0.8074934067373243,0.7940028249589509,0.01,357.6799424537681,186.100271441511
2018-07-09 15:00:00,29.952526536620837,0.2711558479248574,1.4178775231028153,12.050662052490363,1.2048670595741713,0.9775359758065694,1.9253536230357444,0.01,412.64320335221606,210.43736890884676
2018-07-09 16:00:00,20.075923757693282,0.3232858116574975,1.3634442556232265,13.751336902126928,0.904795051761162,0.6445126792309315,1.3543404627335602,,364.34316241407475,178.00779193840825
2018-07-09 17:00:00,22.41212077126248,,1.4567459785700474,12.769972969443426,1.139967291122609,1.131316330318848,0.841888608563603,0.09597169050702788,350.93774737317676,196.9614381484946
2018-07-09 18:00:00,28.231006840498793,0.08224886547129176,1.3630725720402783,14.016124930259792,0.7374234893444751,1.1539226525199686,1.2309906658294738,0.04886288505930225,321.1492702090771,171.2278428878283
2018-07-09 19:00:00,30.3784279653904,0.11895354608623182,1.385536539095911,10.357098646117882,1.042324353885914,0.6509698848079829,0.7806438348724505,0.08444788848770791,341.54729218928304,165.79489690038966
2018-07-09 20:00:00,29.779418892539006,0.13701911743747386,1.4262632985770363,12.701571254311247,0.6427561705397362,1.171523926610028,0.22093309297043487,0.15298896195146566,355.96921750073136,193.6310330655817
2018-07-09 21:00:00,23.3640396419084,0.13892312311276198,1.4401827866447736,12.008781002969084,0.9519152525304841,0.8712836822575731,0.2226958949427059,0.1954637381658146,310.9775688705007,157.41285934686982
2018-07-09 22:00:00,30.68268832021304,0.163074919338422,1.4418451072990919,13.163558119936507,1.0792637188980245,0.983702911831411,0.6663133474640995,0.07529802604795591,365.19407074180344,189.08505598117915
2018-07-09 23:00:00,23.558736312452,0.21029390526854633,1.4162509869177942,13.122594406735567,0.9062256607784027,0.8006697895743506,0.6923030338414244,0.1094830067997437,357.3050025024697,178.06943101322116
2018-07-10 00:00:00,24.880995472389017,0.2101963775876779,1.4107218757743438,11.62413741245873,0.8109212268239259,1.0846089654453523,1.720716647104357,0.0546893574615496,377.68974615651376,191.34849000289125
2018-07-10 01:00:00,31.197371076770363,0.12101697087558544,1.3977758084760354,11.53450122407646,1.152301324473268,0.9812188037697335,1.5815893356373802,,361.04995671933716,190.52412501073982
2018-07-10 02:00:00,29.74449348570822,0.19860666293786491,1.403350832284999,12.173232705777258,0.9813766978275538,0.7371693486804793,1.3791621303657058,0.2143991867644176,393.0019346194616,188.69551293962496
2018-07-10 03:00:00,32.738351157412666,0.05807492363071157,1.3634644285101438,11.148106980922725,0.911877283534479,0.6669596000069423,0.6216375997600028,0.14675787847918303,318.16999072800917,165.00339055499725
2018-07-10 04:00:00,29.86419338450515,0.01,1.3554540334973306,13.153654776423318,1.0075412658077698,0.6079395129581555,0.23090924962556897,0.11409201494348582,307.0209252694632,142.6554338380383
2018-07-10 05:00:00,28.524629050032075,0.10027113454725892,1.3798987662776714,11.62059718552002,1.474600445550206,0.9375883552865513,1.1591888253900613,0.11277918593619304,353.5872710061051,172.42823379164156
2018-07-10 06:00:00,21.40512151742139,0.18575141595390982,1.374894461324252,8.49683049866088,1.207630512960678,1.014494282355947,1.2833948975806742,0.01,307.1834937266908,168.33720086523365
2018-07-10 07:00:00,25.515737045891502,0.200434361961814,1.3664031585201817,11.458223371678843,1.2092632602738111,1.0301931357558882,0.09321730789126971,0.0948580351331359,331.12056061720557,174.14059292376143
2018-07-10 08:00:00,23.978035515225884,0.10366817299286404,1.4008916234237014,10.58579719223325,,0.8764037810785245,0.37755164215506737,,325.0921745334442,154.94057174609316
2018-07-10 09:00:00,23.659844650686253,0.0909348458410788,1.4086591562571151,9.799828334327582,1.0299673490638865,0.6686007088671272,0.4295176298718437,0.19773699393375577,289.5323400810487,147.55742127233208
2018-07-10 10:00:00,34.59515832128668,0.11763465227383486,1.3826522065887552,10.199049232101009,0.5687051881005252,0.7635850403952434,0.8899158508764055,0.1247376432825003,344.81682672446175,182.70223885932322
2018-07-10 11:00:00,25.896465870001407,0.029672739105755325,1.4243259024316577,11.743167956484543,0.8777835376366362,1.1304697277923852,0.3882258811644252,0.10969520907450428,313.5760802715127,157.3146786154785
2018-07-10 12:00:00,33.3806983276567,0.0366486247321701,1.3457493265759948,13.135500041033513,0.9134966056235546,,0.7730089414496417,0.04742560996235565,338.15315485097375,165.86493563113484
2018-07-10 13:00:00,29.467079389958943,0.15284046436665347,1.3741902162216084,11.847563887301344,0.6625194284714441,0.9286835261362952,0.6619104542803225,0.0401979321677582,355.38327289193825,173.30840361564285
2018-07-10 14:00:00,31.922169553124725,0.2961727541997947,1.3584953303819158,10.675929275427245,0.7916651577612219,0.6848699032850225,0.6932406542128362,0.025199839536561783,401.09147528842743,213.17738486811945
2018-07-10 15:00:00,27.539556396577883,,1.324003901487808,11.884209265463015,0.643449435233926,0.9673166090918071,0.41983293710015246,0.1468783244527238,358.87710293385663,189.9058177149629
2018-07-10 16:00:00,28.653558269395386,0.30965537175430846,1.3775195794247188,10.721027106096876,0.993101709574473,0.8084630876641845,0.45012493564962963,0.11823128374655073,390.408373306962,210.40065256457746
2018-07-10 17:00:00,27.38776540728296,0.13863395458101857,1.3763475747485014,10.374666496720469,1.147377874752787,1.1093425427551526,0.30258776688912187,0.15038931133260725,345.9280392177353,165.99027445911855
2018-07-10 18:00:00,22.928644816970667,0.22479986749580194,1.4254034922972638,9.760662831870736,1.1992194133523792,1.0547115412413628,1.1262765970026807,0.13938778256785608,344.03014550270757,178.48329676730418
2018-07-10 19:00:00,30.83678172892258,0.16804403406886287,1.3989243505366433,8.982893166163986,1.0746612031742635,0.8008588106850201,1.3375623485207866,0.07946475357994487,384.70134844445164,186.6674892061429
2018-07-10 20:00:00,24.211585436612836,0.2172184731848416,1.3492743952701238,10.557866116798417,0.8265886585842576,0.8746671945304674,0.39983644362633325,,323.7902207616719,172.33816659650344
2018-07-10 21:00:00,20.364739496471806,0.2072327377702124,1.4356227769900256,11.157640780231615,0.6522282714664073,0.7897767519918742,3.143800867025986,0.17369469596641668,338.93459847123586,177.26744865157963
2018-07-10 22:00:00,29.682084438607518,0.3256960372218554,1.4166310108657605,10.795763019043576,0.6837636341077297,0.6161133606909981,0.6027306568024144,0.10375125402724887,400.81308571782586,205.9026623266042
2018-07-10 23:00:00,22.656660191105736,0.23303237418810535,1.3974629311040583,10.357835882250498,,0.7285115140905567,3.170925528501405,0.18279751986023204,335.70927289993904,186.78113836783362
2018-07-11 00:00:00,34.106878765293715,0.2883311657366202,1.373205477034505,9.668952304457232,0.8400052543535785,0.939643465544164,0.4488538219815569,0.13069525662747747,405.28648296585266,224.37128128039916
2018-07-11 01:00:00,34.30892865503881,0.2544712189519115,,11.482177187185586,0.9712452703615144,0.9650518996459164,0.12911348273006515,0.12143811841211603,400.23658879369435,220.3856857902013
2018-07-11 02:00:00,33.72296585330673,0.24046541502556493,1.3688337967178683,9.121756138910536,0.8174504407371457,0.9297095807185278,1.1489339254840076,0.17670385842787248,399.800027958828,216.27863475892818
2018-07-11 03:00:00,25.552380503831664,0.22861747906515867,1.4126624585911254,11.585194351481965,1.061015660860287,0.8396533892082729,1.000547192948349,0.1382161456235542,382.8001996270016,184.96719961232992
2018-07-11 04:00:00,20.231849247933013,0.16737838698608204,1.436537589178038,9.40457529949293,0.9581907694960949,1.086613321144197,0.8251507883942145,0.15718417893428446,315.7854232859744,155.98609451210683
2018-07-11 05:00:00,33.92477843881588,0.19103695361772371,1.4262973058481656,9.65923099295646,1.0018982281133846,0.9127083809121875,0.4488112842573595,0.14742905763328512,392.0612879348919,197.79719026370003
2018-07-11 06:00:00,26.422762224759715,0.20371400976266088,,8.758585025405582,1.2052450994808168,1.0406507656191895,0.7754912695586252,0.1682195149822002,343.298282392723,188.30296616369628
2018-07-11 07:00:00,34.49982228565504,0.23689902670640098,1.3464114770013296,9.875288303022595,0.7875582878439333,0.5452449735594963,0.5049594937111476,0.030087362657910288,413.92608266263267,208.69039330175323
2018-07-11 08:00:00,34.45429965633879,0.2475897303499097,1.384226587407336,11.607271822772852,1.0753668240926264,0.3,0.6094135601648385,0.01,434.0898941794231,196.28289886777392
2018-07-11 09:00:00,32.7951418320104,0.3121523752139157,1.3269468190331144,11.017271147149536,0.9974848188743068,0.956757605567616,1.706296920682884,0.09712092557216702,421.1722855656186,210.14407267366477
2018-07-11 10:00:00,24.416733381043784,0.3673873519335305,1.3896950314255434,11.535950809718193,0.9399724694254549,0.6150468692557021,0.9442653655770904,0.1925034396822432,372.49221359705456,200.06635373302115
2018-07-11 11:00:00,25.77646592902888,0.24812128060724725,1.3755719224110399,10.953459601524822,1.159346137755873,0.8575096594573888,1.3851559011124628,0.13287286159745465,353.38810358316914,187.28807493648205
2018-07-11 12:00:00,32.76705007275285,0.3181866964723348,1.3660189049439526,8.969257107992636,1.1582225478202612,0.8395805917950789,0.6493228636776835,0.13708201582820473,413.90579746322976,219.84084802415458
2018-07-11 13:00:00,24.753830077344166,0.202823773361846,1.332158907981996,9.86522439502872,0.8296316567220829,1.2174801204831074,0.5880406725110746,0.17193236467106093,337.16549340941145,180.00580464821928
2018-07-11 14:00:00,22.542391200291387,0.264005112404311,1.3954080031970915,9.29619086942913,0.9672110949055737,0.9799993105887213,0.2832917966096474,0.2167524749021588,346.9236594443351,181.51248263460852
2018-07-11 15:00:00,28.352018936875254,0.30938268145924724,1.3640189748101426,11.801134927112438,1.0506181028651318,0.9331718053597345,0.5733972608215774,,393.13347949569413,212.29303970384817
2018-07-11 16:00:00,34.04232161241171,0.13866252568847276,1.3449024949286912,8.742079266632448,0.9508587853559348,1.0673982309267347,0.04027007461129178,0.06707209436592398,346.29490855687766,185.168639423819
2018-07-11 17:00:00,30.440446950124596,0.1795021077042837,1.2938321336015504,11.226216838555523,1.1053038398118038,0.9736995173678078,0.47031936219894266,0.0922884938285619,340.7983763255731,174.65602038632872
2018-07-11 18:00:00,28.550917551340476,0.16317178632417334,1.379174552848481,11.202659039727688,1.0506145632238495,0.8084646014023134,0.7431701096147604,0.1695615081313001,349.3688219196985,176.02380066358546
2018-07-11 19:00:00,21.457647406561527,0.12851902979209134,1.4331675479000923,12.305781141373322,1.3298610232640822,1.114295186050912,1.3286491342370288,0.32364273390206977,340.11176410221464,178.50891338802793
2018-07-11 20:00:00,29.225108400487546,0.2730315073103844,1.429837776436436,9.599529570771356,0.7245497555326382,0.6780499744223452,0.6281642255255296,0.2525052967326588,398.98065037076174,204.22097665653519
2018-07-11 21:00:00,34.85080775156395,0.21382772386627552,1.3662871123024118,10.92865654792537,0.9779615218454685,0.9646494375067125,1.0939145977145173,0.139084530313356,397.9563961147112,212.71362058011573
2018-07-11 22:00:00,22.10126022854786,0.16016925237694887,1.3619336381891465,12.796373791397189,0.8364695479278056,,0.11248298124928534,0.17958680282009148,323.835270595537,154.1417105625938
2018-07-11 23:00:00,27.77494478545605,0.19317407186427168,1.3940632276822507,9.303553077831632,1.108739341979028,0.9407887715031991,0.760106504286895,0.2590118290644975,343.43991924499926,185.22887602859683
2018-07-12 00:00:00,33.16059607891933,0.2650690300088635,1.350048436824351,8.19082033075153,0.708909059791802,0.9385979283545859,0.1764538226408996,0.23388794469746854,382.43322569214655,197.80782361437622
2018-07-12 01:00:00,31.111529266313067,0.2492164341253943,1.3890537569945838,7.766819770760209,1.0623362878404796,1.2352909923829327,0.2696537054994819,0.15793385410922356,364.14744202552106,204.1336606157576
2018-07-12 02:00:00,30.455236114929022,0.3427611475413162,1.4029824083515405,10.869870133074652,0.8865912823572986,0.5870052213116441,0.6759794894892631,0.22423994895433527,1041.3579144218338,342.6999199564373
2018-07-12 03:00:00,30.53726125980664,0.3574108562360486,1.416807996716529,7.748442541802256,0.8678508640982174,0.7798225648292375,2.5231144663458136,0.24635670648250726,414.9329480035335,235.6193489527007
2018-07-12 04:00:00,25.392367268296326,0.15093069378671958,1.3769953777056012,9.556872174359919,0.7396303233626763,1.0645364853148287,1.1173306985047913,0.15824917323776688,342.63680174973507,172.4758354922918
2018-07-12 05:00:00,24.4038776639674,0.13829412857014306,1.373889787494691,10.525689653508405,0.916286329683819,0.9670634512794616,0.8132345969776935,0.18983504099472062,312.35984987166455,156.86084673318425
2018-07-12 06:00:00,32.140417332177705,0.12685852205096423,1.353660522397303,10.222210644195897,,0.9360610102675007,0.7860609839542874,0.24573695865636472,335.87344471081303,183.62584750814833
2018-07-12 07:00:00,32.15170092018771,0.20214984171002875,1.355193589378804,10.511447666082658,0.9954660369646937,0.7087728594082922,0.4208791440830374,0.29035557774735243,392.58152868262795,187.56675453844298
2018-07-12 08:00:00,33.006084778701556,0.01,1.373205633242954,10.270402864846451,1.1129824752174053,0.7818363303817142,0.4903045142007826,0.24222640812984408,303.5641968423481,149.8316757296404
2018-07-12 09:00:00,33.69860828834707,0.28348444397838163,1.3910209652044851,11.54286176744863,1.2996355279539296,1.1490082016446515,1.175266452072526,0.1958510781071473,418.65772678926044,227.57940929848965
2018-07-12 10:00:00,27.67013598291407,0.315921198376404,1.4074075387869973,8.871836041554499,1.0474760052680636,0.8896981612492144,0.22993283880089743,0.2631470761891641,386.25461164926674,206.11441148614733
2018-07-12 11:00:00,27.522744420307994,0.30805498317689806,1.3559046314795895,9.210437645299288,0.8994160770287787,0.9750719392288947,1.3642503640587629,0.15727861553464537,365.95698663176546,211.32337699163153
2018-07-12 12:00:00,31.974427684501627,0.38516390553736035,1.4247806570687855,9.105677293465373,1.0841053987329021,0.8769623342447043,0.5639442320476074,0.19268192677604754,450.33920337726715,240.1004434627367
2018-07-12 13:00:00,29.749458961666477,0.5321070581011622,1.3718662919687228,11.0409532643872,0.9020266936634275,0.6633828969500469,1.681788509395948,0.10540755842376277,480.89195817876356,263.0588794549927
2018-07-12 14:00:00,30.529503158865552,0.5171346722378858,1.3793589811695468,11.138869893624653,0.9092039170065095,1.0867620852149993,1.8999746808110158,0.1991671113898338,498.242950745853,273.06721080274446
2018-07-12 15:00:00,31.936890041541517,0.5128993182842496,1.357583649625565,10.615340339611384,0.7264192960685827,1.0006464769064993,0.17747612918602784,0.1760175358972306,459.1844671570509,266.7525474851044
2018-07-12 16:00:00,33.350080127263496,0.4444847247561253,1.3072727921918117,11.511345882194664,1.1667263483951906,1.3611273674734379,0.47399133491760315,0.25372551567718654,456.1500168480289,267.51122344420264
2018-07-12 17:00:00,25.069927352773036,0.37481724705993186,1.4065213618908314,8.696587858462358,0.9305195363831009,0.696883724069891,0.37041974497581187,0.2537200747876435,384.11620754854164,189.50034097306005
2018-07-12 18:00:00,25.63374428959916,,1.4021053169127728,12.13178332945853,1.0327776842468552,1.0645145842400963,0.15651573672871977,0.1508388310688703,372.9499716353731,199.44938888916897
2018-07-12 19:00:00,21.409729097613035,0.21842694685792874,1.3715601732864535,11.981665957343298,0.8135268528508048,,0.31587032930812803,0.24798096256595678,308.581907595851,158.33018911023802
2018-07-12 20:00:00,28.67420211494261,0.17293773482459032,1.382009721516746,11.060972039038917,1.078470573348785,0.9314693135346156,7.199320952521852,0.31386329352523784,368.11651077930566,201.40014646686103
2018-07-12 21:00:00,20.53913410695113,0.08801193722977456,,12.342603732790861,0.8628505771356849,1.095301317812633,1.3846056298160891,0.3132551656710956,282.3302944267845,154.34409064635727
2018-07-12 22:00:00,26.9839702719869,0.13053864000604035,1.3331236242934037,8.244481975156758,0.9744924300936716,0.4855729767807026,4.492528216382207,0.21425782750048417,335.68187249197547,163.23567122735847
2018-07-12 23:00:00,28.13966952061365,0.0316036418261173,1.364128419679611,9.632833700706605,1.1580086856230427,0.8590135051516784,1.6871573051341249,0.18219385923884598,280.44674773430324,146.93018163459814
2018-07-13 00:00:00,24.298118781924266,0.11239587120977898,1.4038279403886547,9.411296749410736,1.1423366762018552,0.7873580531914759,0.4103263762907474,0.19004194858765316,287.34325021033584,158.3587259651158
2018-07-13 01:00:00,28.862498908535162,0.15077066120345795,1.3423713173049223,11.19266373491291,0.9960345869469507,0.7596085403409756,0.5673734056130485,0.1438025451927059,347.1806631094987,174.56140874138168
2018-07-13 02:00:00,20.457503749085742,0.19229428671335558,1.3888067379649989,9.101675387761974,0.6817364141127907,0.9770425304518708,1.3585921923207804,0.25982232146341583,313.6334851460733,168.4228993836076
2018-07-13 03:00:00,20.560222831238217,0.1678354750977495,1.3393025458612977,11.30751162022177,1.5387059026109156,1.1241371412845191,1.1860305176385098,0.2365529811816117,309.38921263314893,165.7756375798502
2018-07-13 04:00:00,32.33900840989487,0.4386336621828649,1.3939928994730058,12.081540245395331,1.3142546146491645,0.873344256954169,0.4758030050012641,0.051730905882525574,478.00796088840724,249.4294004184709
2018-07-13 05:00:00,25.402859621168943,0.4908528355424305,1.3789307555310755,11.311214359386156,1.1300814684798937,0.9410972855120041,0.2055353161975118,0.12339989229488857,425.1890562021466,231.49700428179455
2018-07-13 06:00:00,21.90590768977827,0.3190335848729235,1.3315460455228345,10.859228482538196,0.8644233193136253,0.9228617506118496,15.422716459915375,0.12515049156789435,389.87737791827635,198.12785612996623
2018-07-13 07:00:00,27.833648900822066,0.3169529564051983,1.414942180633715,9.376705268699203,0.9795534108936463,0.9003607012712829,0.7045624857358873,0.14259470157362975,384.6829602280675,209.3252469327308
2018-07-13 08:00:00,31.54990329647916,0.24822657804865295,1.3579622526960584,9.59101456285456,0.902184322640227,0.6821314724575788,0.5967192434530026,0.13543965899703586,415.63309959020074,187.1759465944001
2018-07-13 09:00:00,23.23731541245265,0.16760022649746392,1.3556924268895685,12.153503541225792,1.22749406903735,1.1216889203445786,0.8859076788060376,0.20168658039462276,317.57241354830427,169.26817728591982
2018-07-13 10:00:00,29.343357137285004,0.08511439285830996,1.3860170759169281,11.637533247532835,1.04725052035333,0.9590390736317672,0.6430072486122527,0.2601932149499765,344.7628603848777,176.25666144196452
2018-07-13 11:00:00,21.28021197490652,0.16915741026155728,1.4144591204828614,10.705458333910569,0.8588505054952301,0.9789762980005156,0.8934297825972488,0.2450991187055051,316.75991320958883,166.2312574578602
2018-07-13 12:00:00,20.775225817529115,0.1388997683775242,1.349525345430648,10.302356122374299,0.9152640821575393,0.7386980741948835,2.5474911349085887,0.1987007999950135,289.29123525503985,153.80224864891156
2018-07-13 13:00:00,27.97031947352222,0.2496559197862833,,8.426026748053674,1.2018138656625827,0.8081559204021519,0.7151684404157043,0.18874024770845788,370.33060720773955,200.07350697357035
2018-07-13 14:00:00,28.109526824151597,0.3292617210128334,1.3928644950099172,9.626688520640117,,0.8647731604578444,0.2809487679568062,0.1864201256197324,394.91232371792455,197.0509307385309
2018-07-13 15:00:00,29.5614485224731,0.4153963555258994,1.4007931682178942,13.261679496895123,1.2750996814275242,0.5931750613102297,0.6916861502507496,0.13570627297994922,420.92018545063246,229.9346759654101
2018-07-13 16:00:00,30.891370005839924,0.2975865075822013,1.3852932466583165,9.489227879466787,1.136265771709716,0.5623931349604644,0.526710006294069,0.18815948270224364,381.7103089612786,203.6596580420379
2018-07-13 17:00:00,34.63778119193802,0.3213398041629017,1.3689891648275003,11.312463519731347,0.9545275236155254,0.7798504138722865,2.881657046932498,0.21249822905297414,435.21765744677157,243.03943060141762
2018-07-13 18:00:00,27.74450522451793,0.35053420024541526,1.3551722933805384,12.354830801584551,0.4165275114407584,1.004504153288478,2.2953001217101794,0.2919254118183849,423.7698869797115,236.62278061877763
2018-07-13 19:00:00,24.84434709411869,0.2824396861634735,1.3825843164913911,9.702279738113491,1.05348880428548,0.7693725220140119,0.8812877834600361,0.3224762339083394,328.17770692768386,183.8793583086086
2018-07-13 20:00:00,31.927792921530553,0.21096602372300144,1.3478358296404316,11.493588048096969,0.9996708234080619,0.6962389604818573,0.25309108870317687,0.2243452452895958,382.70368059458605,196.57868120483639
2018-07-13 21:00:00,24.062483768931113,0.3514378698681788,1.2923594854951617,12.462622876270963,1.0251967773378436,0.737062869352466,0.2654187295868981,0.25582504964429537,360.8709456389129,189.79932028326584
2018-07-13 22:00:00,26.584571310584543,0.3392061789662895,1.3930967941247299,11.41873252757483,1.009701522465977,0.8089315153709375,0.810963188717112,0.1684378268009089,371.2211139483167,213.3618825898661
2018-07-13 23:00:00,21.17684572013399,0.36332174533334166,1.4071180452325858,14.913826185463488,0.7612728108491518,0.8292282074359792,1.0827965808661744,0.21481862213699632,389.8030582113934,194.66801874174402
2018-07-14 00:00:00,20.380261151231863,0.26355914078710496,1.3091120269337448,9.538811936481798,1.1003335402332135,1.3331042904413115,0.5710353920299437,0.16989432135659133,322.4395411196946,173.60519714792775
2018-07-14 01:00:00,34.43972622016888,0.16194864122919797,1.3497080788587017,12.882352026145629,1.113798936525733,1.1109241256974638,0.5192882385236659,0.11254139941141973,385.60345350352435,197.1933743706737
2018-07-14 02:00:00,32.53970180768309,0.14280806690106976,1.3985746278301558,11.476599113092332,1.1228209807707386,,0.4692297017823221,0.1563275602086961,361.6623087992877,196.07359964150234
2018-07-14 03:00:00,30.43961309140547,0.16504393583954907,1.441724864091351,12.683663498684725,1.1703838606432095,1.1337160728546762,0.7833324285668425,0.01,363.33256175907786,192.55806624253148
2018-07-14 04:00:00,26.134294166214048,0.10539315454229645,1.3806238112302622,12.36161835928511,1.108729296085892,0.7002358261331901,0.09370256943519394,0.01,312.34350433315296,154.5811593797656
2018-07-14 05:00:00,22.599414801062686,0.14798762348757688,1.3581599117631258,11.028222403093013,0.926194705922996,0.6555270770025522,0.2969066446979792,0.04343146933190374,313.6359734360673,152.45497407144498
2018-07-14 06:00:00,22.346555640066292,0.0435109213958238,1.3745131067668548,12.26001203279806,0.9872493673751037,0.6786259416931887,0.45498568948058415,0.10300538759723278,280.17808069929623,138.66504013297458
2018-07-14 07:00:00,23.75364347246893,0.015853851179486886,1.4212462925744453,,1.0164024761056079,1.1669012266675676,2.371705517894083,0.11164410634884835,282.33830795615546,154.32923535253002
2018-07-14 08:00:00,28.238399970591807,0.13977059568779085,1.360621074626264,12.867171342566435,1.0193859008391912,0.7905616422235018,0.38459062232684493,0.0442202858862531,342.0413511010987,170.88332582292787
2018-07-14 09:00:00,30.718938840500932,0.22114265860368515,1.3560242398004922,12.581867812889605,1.1796791780749114,0.6497287635521427,0.9410846145065567,0.049458661003441526,373.98161853145376,191.9684927536758
2018-07-14 10:00:00,29.90296065076597,0.19844971979163029,1.3655176943345388,13.07242335041777,1.1158603755440484,0.8138007599560374,0.9809291193664004,0.12514775623630855,366.5220490149092,189.74750793319467
2018-07-14 11:00:00,24.19900845418914,0.13249365912798494,1.3514001417522385,13.65885185119229,1.3739218191225917,0.8522788936570745,2.5727652771542657,0.1819955599794869,346.1123292008989,171.34775775381343
2018-07-14 12:00:00,34.32297920994791,0.08555327726750858,1.3836801094798437,12.914432294496812,1.397164416379241,0.9536826547389124,2.492225571167094,0.18022394893193566,360.11298046650774,192.92624908858065
2018-07-14 13:00:00,31.068453750436525,0.1050258344119509,1.4287403537540868,12.736248685651653,1.0143369248705065,0.9501902041424086,0.7596509532570688,0.2495443962213807,344.4917564973221,180.29677616779261
2018-07-14 14:00:00,28.31531078767101,0.20007956341998895,1.3896923781934807,11.587560575181966,0.4,0.7343638872252984,0.5214823663787996,0.24557045914038247,365.79187740343406,195.92296005654742
2018-07-14 15:00:00,29.175811193515283,0.28931534970153827,,11.877500873530979,1.222629843902908,1.0371312785027422,0.44017040460240137,0.17449493624673673,392.6978021435103,202.11811498094497
2018-07-14 16:00:00,26.29400093641685,0.23779820595251927,1.3712456619325335,14.244565958813562,0.9027322589823302,0.7721612932499684,0.6439717298862894,0.159866838543345,365.58991905764356,190.78690037358297
2018-07-14 17:00:00,23.715964842517362,0.14917935008798078,1.3331042757391003,14.633374037386847,0.8557328940704187,0.8687447326589914,0.5413043601748542,0.08374813369353572,331.5069868883018,163.88286386071718
2018-07-14 18:00:00,25.339590179768923,0.2008530360908932,1.4064932933144147,12.714267476425531,0.928279850501914,1.037354814100671,1.316690138912534,0.11576054079263642,342.64109422539116,189.97095242204045
2018-07-14 19:00:00,31.367691656965537,0.14971432761355727,1.3776648840896157,13.146345575225908,0.9196042515733709,0.7716357192111317,1.1678159377236874,0.20818236162886217,353.24189744903055,186.6780777561488
2018-07-14 20:00:00,20.215902329446337,0.13833981822059388,1.3745856025922811,12.097633373292135,1.1102085658189706,0.7861297152837725,1.362712938819798,0.23802682205997536,315.38061695104255,146.45148465852668
2018-07-14 21:00:00,21.741089607603744,0.27785995998937874,1.4757932270353458,14.68336521588365,0.7193015597572794,1.0183336099386262,2.4848487412365787,0.2989366527911325,374.3471561478654,198.37631288532023
2018-07-14 22:00:00,20.69003963032629,0.33567120627782654,1.3889625872509705,14.168273307695673,0.8060102657575117,0.7284533646789961,4.277799141003851,0.2331888770467399,362.6845423854843,195.2660502366741
2018-07-14 23:00:00,20.61093203478455,0.32260778937459467,1.3574462684971444,15.793751353312299,1.061768539755535,0.8230415952791859,0.8949866318964234,0.2926793138988994,374.3363106143085,191.00463561001789
2018-07-15 00:00:00,32.831908760165106,0.19907193247319843,1.3672092721138336,12.505592448929512,1.1121299254743955,1.0111484356085785,2.151948784391768,0.23600933475246144,361.60398186619665,197.78850151498924
2018-07-15 01:00:00,30.554867890700358,0.2312620781288916,1.4144533712759024,13.202003750242492,1.1154774960884821,1.310818488287195,0.5829594105432712,0.3019007058056705,392.1945910350449,213.2702470768735
2018-07-15 02:00:00,27.11260743630988,0.32189603795322624,1.3833981123161327,14.030095546535213,0.8583334697920062,1.0210809009525494,2.3241694139706657,0.2518290186368749,382.0150290339142,221.6717681221648
2018-07-15 03:00:00,21.46751240976502,0.27027653330601553,1.336851660650479,14.62557974799912,0.8239121831320768,0.9945279525980024,2.0796813609850533,0.2655312936103815,375.28917758576904,183.600656028265
2018-07-15 04:00:00,27.374238126752484,0.3722827005131481,1.407576868037256,13.689077974988829,0.9088057299181745,1.0061603167345459,1.9826430368006336,0.3198255180248203,393.603177903393,230.526646332532
2018-07-15 05:00:00,27.102076561708486,0.4390175135206602,1.3599556774338302,12.999037764712615,1.0431770954112505,0.6853619451865901,0.8706800602455401,0.25228965310001983,439.6080296917114,224.2340920350408
2018-07-15 06:00:00,22.598028048650228,0.51541088603594,1.4361989332865264,15.2035870684586,1.2673859264690588,0.9231193477359816,0.4383814317167516,0.23647713111266233,424.2204719756944,230.05919542303698
2018-07-15 07:00:00,26.507774738569594,0.4602070703476662,,15.11113220671828,0.631461306561265,0.8940467023327197,0.2280434391942317,0.2912180841799755,428.883666797664,237.8181265975135
2018-07-15 08:00:00,25.977571015960603,0.4441362852278473,1.3665803431302375,13.246646944421531,0.960268823747494,0.9643169080745513,0.7716863930698461,0.2387506606721815,420.1704924516793,225.67178427593407
2018-07-15 09:00:00,29.237751470783245,0.4990303827259803,1.4184304908520533,16.07361709071147,0.7601178806154634,0.9233016104951742,3.179003353151805,0.13599685945293924,488.5616038977465,274.2953190074823
2018-07-15 10:00:00,29.526404763014657,0.4601127828737043,1.382035665315822,15.952707077437918,0.7025963180763719,0.9759399354834225,0.6053164120498413,0.2821785389468581,440.0661167647952,250.90313538706926
2018-07-15 11:00:00,20.679560146580666,0.356980219388376,1.4055832102536665,14.811449470634159,1.174052196162067,0.8377065610201597,1.621692530234529,0.2131212555078867,363.3314101997125,193.42622338115126
2018-07-15 12:00:00,25.619189219397068,0.2890027266496343,1.394541984518834,14.848047289944684,1.098032423409881,0.9117217834743586,1.709862074634123,0.20939811636098457,390.50843381436385,213.40875349602138
2018-07-15 13:00:00,29.387898735713545,,1.3546093003502737,15.52001535307982,1.0808980328705071,0.6544342867886016,0.6197363395703398,0.26699926998365836,371.87344256517093,213.8798372317331
2018-07-15 14:00:00,27.547043878701317,0.17922549971395269,1.360693505030476,13.924067249690903,1.1657846511515788,0.8360185443994173,2.6157916932275525,0.1956899277663229,350.85956788914785,178.5181547165529
2018-07-15 15:00:00,32.84734761782484,0.18899713657063147,,15.097430984755512,0.9136505985820955,1.1781667096353288,0.058370875464327496,0.12894188186646593,417.57390982943,202.0874023035853
2018-07-15 16:00:00,29.880404474284177,0.2950217650578623,1.3699567400368036,12.582101140708588,0.9221252470599649,0.9637616679256512,0.26617033921085814,0.16458936692636955,377.0179937519249,212.02394377485678
2018-07-15 17:00:00,22.444016406221444,0.10621492744728114,1.36789054610274,16.320530714172634,1.3934315110100632,0.8958157925233846,0.35091451996557504,0.06316903628107837,327.4817743694409,160.61957491614243
2018-07-15 18:00:00,21.058531211006446,0.27210901735665805,1.3513463226195193,13.499037353463848,0.9556172102332766,1.2792246552508693,0.3825533830612308,0.09262705715657181,331.1357212264839,175.4718714048957
2018-07-15 19:00:00,29.636289173094735,0.35526624964591336,1.3927079719678037,17.28116933762885,1.1323237803497364,0.6278330043397842,,0.14227855415286744,433.33830165310945,234.25109833130324
2018-07-15 20:00:00,20.39766965812433,0.28690520548570125,1.4418757475772943,15.18531704477551,1.0011486773733966,0.678108888910756,1.0386174683667604,0.14117001868221063,362.91480774842586,185.19126429382243
2018-07-15 21:00:00,28.78663371910195,0.31930491006973566,1.3479740125723718,15.431983884224922,0.6673134645858854,1.2425422822552545,1.1404785598291096,0.06409495461818154,422.155155956366,228.81560015545355
2018-07-15 22:00:00,34.10345362137436,0.2987652552013211,1.3807265837001825,15.037322332483589,0.6319667793157717,0.9091921872097868,1.3679726049862928,0.20610765014314963,429.750497892472,246.5189063291034
2018-07-15 23:00:00,28.632112668138184,0.3825349081160194,1.4223666166624627,15.549638912669801,0.8957828404108171,0.8514833927420413,0.34019453489252005,0.2018768793228403,451.2356649275126,232.7505720256916
2018-07-16 00:00:00,25.822548893097828,0.42138908710280887,1.3776107582626285,17.70223761417764,1.190098225300598,0.6601591349808713,0.2672683654192775,0.27899525465940866,408.63468257638976,226.14533365421812
2018-07-16 01:00:00,29.649323276635297,0.25796670311732545,1.393571153887492,13.119344050781603,1.1418924981944807,0.9895392532790024,1.1428717370855765,0.2237949777848185,390.6534702853758,217.96223278396877
2018-07-16 02:00:00,26.873793357372747,0.30255768525926197,1.3481281941555936,17.741755443520827,1.164533889560326,1.0088919739054925,0.4536848805706773,0.15347626776944526,390.61805485561706,215.28489076519955
2018-07-16 03:00:00,28.184251839739026,0.27034015139002354,1.3928492129162293,16.719643914779713,0.8223316877914633,0.6811011278330208,0.1946463236374015,0.18023661587697676,369.1641521667896,197.0474594969307
2018-07-16 04:00:00,34.12197213164788,0.2708647116144645,1.3743856720498635,14.970112865036093,1.2908570482220165,0.8719448828899143,1.917584468720738,0.16719474194649286,418.7807216675208,234.52169025013362
2018-07-16 05:00:00,25.791539567011615,0.20635154605253994,1.4095718998703959,15.232559584826866,0.8263192059664508,0.8328968335933868,2.807931705705534,0.10165115768841425,367.9659589368619,188.28001110691906
2018-07-16 06:00:00,34.41785845735871,0.3592970477664448,1.4156215815469424,18.638842412255762,1.0383083917605944,0.9511954292837542,3.248850525810515,0.22117775014029828,460.54503355089713,266.7948210634489
2018-07-16 07:00:00,33.58025962934096,0.40971287902871745,1.4576869092605582,15.596607804499607,0.9981365878166074,0.6761499515558712,0.9466398143817794,0.1673704367105392,507.28140277702073,261.09248641202555
2018-07-16 08:00:00,22.936867021839447,0.30261732220226484,1.3973889951964071,15.451017993045237,0.9687027123433745,1.1503894909026315,1.4052220528926493,0.06200627893858941,359.8627233860825,193.86732534635743
2018-07-16 09:00:00,21.040419513127482,0.18006327698876679,1.389773889497465,18.30338424107906,1.240946584893209,1.0831647563195208,2.744881349253167,0.1888937306005936,356.3200801359823,181.01057968670318
2018-07-16 10:00:00,21.5116700206614,0.17019048341390888,1.38583152904732,17.448152517544678,0.8730801063701271,0.8273648882534368,0.4491412906040459,0.15507835741159878,336.41931375992965,167.36787443122074
2018-07-16 11:00:00,20.273327384773246,0.2288935500770407,1.3694050112156793,16.01934328041559,0.7570710539718529,0.8567162576723257,2.1737773408345364,0.1285775808900218,342.087372250016,174.83733204162797
2018-07-16 12:00:00,21.416644411338925,0.2544419525696263,1.3901545153038506,17.507420115392094,1.0035991875171555,0.8727155699444769,1.025020958209178,0.04322329331221464,340.70178099839933,183.93720180725188
2018-07-16 13:00:00,30.245101601245352,0.3533599927801979,1.371137957695829,16.118803105694855,0.9280311878284252,0.7443382893986994,1.8206561093990572,0.20239046518314824,416.2071770597175,236.38195441258657
2018-07-16 14:00:00,21.067829726903433,0.38554557272060674,1.3850538292880883,18.772517051705133,,0.8113141163529929,0.9458608322621641,0.1160654438773077,392.50003431987807,213.48675106662924
2018-07-16 15:00:00,24.78463445440642,0.42244742296465726,1.4195279260682387,18.826559428462883,1.1217713457591956,0.8459459264650782,2.568924907509477,0.14514623516872363,402.09550261443945,235.39305006799472
2018-07-16 16:00:00,32.67312966454182,0.3968616281240951,1.3498037230416107,18.292231573488326,0.9263186964606476,1.2225736741414257,0.9782674647208767,0.21384496045366058,438.65094542331593,268.44665196506855
2018-07-16 17:00:00,20.349079036037388,0.24165924126998733,1.4141963568338713,18.18822350183284,0.8098999175463244,1.0893236616660873,0.2104042276693635,0.22560999225238215,323.5596786479508,184.09452224841266
2018-07-16 18:00:00,32.217027238834035,0.228505586397239,,19.96752771609053,0.6615480860976188,1.0869309414673247,2.955271183664595,0.2037867366318978,437.4926058889068,233.25670553110544
2018-07-16 19:00:00,24.227821621601,0.31976108967076056,1.3764579441902676,17.953032519608808,0.8154605645672621,0.9739851226008781,0.34098349037641507,0.09217209048189372,388.3295557594454,198.71662462346518
2018-07-16 20:00:00,21.772472414324845,0.29471092848756075,1.316344353029742,16.633871909449052,1.0206895189166436,0.6765345982137531,2.4709651860762833,0.07871976414309918,372.0725178542333,188.78170864875582
2018-07-16 21:00:00,30.45105748046226,0.32154487943119225,1.361765340387167,18.689576392670563,1.2569191572870584,0.8917017790845242,0.737593702493421,0.13049987876841085,428.0991650496194,230.54799754296454
2018-07-16 22:00:00,29.43414270169826,0.2745815503821439,1.418909836396833,20.750896019940008,1.2019040456298253,1.0940976919226761,2.3054279835275877,0.10306948306182674,417.55458529351324,236.75166521603396
2018-07-16 23:00:00,33.1620802029058,0.1848221373841531,1.3793139581310334,17.126675379112612,1.0412370696963482,0.6483470741265425,2.221423489907527,0.14604325743702212,411.5546525452896,205.33592092213235
2018-07-17 00:00:00,31.026065657058286,0.19450797104521833,1.3500209330311526,18.006664538422015,0.9418298201735528,1.0273106413746529,1.1781967899562633,0.2005305589911218,371.11849414064017,195.74783035390584
2018-07-17 01:00:00,32.05221395577273,0.23587937517426516,1.3648567523631534,19.035444816165942,1.0483862241541877,1.3645218450525531,1.264324812402157,0.25006850854267915,403.09532387786334,217.6057090387409
2018-07-17 02:00:00,24.2305185885696,0.18766054506507013,1.4052186007951364,18.56554106192758,0.9066451604527763,1.1123633291979464,1.1702556206786745,0.14847034365684647,361.3198317183889,191.86337587544054
2018-07-17 03:00:00,22.661593156695844,0.1875054819570156,1.3964020070460412,17.545178701984508,1.3093055192374976,1.1828058271123976,0.13060394812022091,0.29288096949284514,321.4507922161802,178.9281089151821
2018-07-17 04:00:00,31.259221274612877,0.1310967780110323,1.372832037024909,20.16305880419191,0.9659457673704857,0.9436677500884322,0.8898998467712403,0.2937773423689549,404.3257629415723,196.33839258303925
2018-07-17 05:00:00,32.10252108900896,0.2563073380128503,1.3689952676455592,21.692906587898733,0.9844591855155892,1.093586389752998,0.2929945385854433,0.24816355620122912,407.90499867264197,226.19110587594773
2018-07-17 06:00:00,34.8575771300101,0.2308586760019525,1.3682472555286853,19.235357750828687,0.6011519634962798,0.7564293571291929,0.9332565693978935,0.2862703287053359,420.86453242794164,225.84013627005302
2018-07-17 07:00:00,26.189265153671396,0.3528215168114614,1.3523276944650449,18.005346501777122,0.9648217276259025,1.0591727624682452,0.2859918848946429,0.3856866635431999,414.0835074415083,218.14528397648448
2018-07-17 08:00:00,25.580271286891747,0.44427488981129565,1.4284612706840831,17.32076295533506,1.1505671448336894,1.0308776268121527,0.27538083124906715,0.2170887920625078,439.11538759660755,231.37155061158433
2018-07-17 09:00:00,31.646194411129954,0.3795087456901674,1.3703303859236597,19.57740538755558,0.8078099361330618,0.9579822348075326,3.3915854630115048,0.18873751668802347,458.2713091978784,256.59666297671913
2018-07-17 10:00:00,25.11205310379527,0.2599802233793292,1.4165147556247648,20.679810232803984,0.8648703397912937,1.1632014839436997,2.0945926555925873,0.04253661042041437,388.18798593165445,208.14222062457725
2018-07-17 11:00:00,33.96135988405347,,1.4256394815576734,20.011659913900733,1.1426879831920596,0.7922430324305223,0.7970228921038516,0.10908105821113011,346.69673586965644,189.17733578752936
2018-07-17 12:00:00,32.87619127764518,0.02031706246066109,1.4099493269444388,19.523826904652214,0.7342016997667504,0.8625884967052675,0.9447341006171385,0.1593722894421865,332.23013457146124,173.6257402944389
2018-07-17 13:00:00,26.434910410625275,0.01,1.3670513906184585,18.90376415676512,1.1904041813575452,,0.6400122421302055,0.16527364673874634,310.8418779195676,153.77454206000087
2018-07-17 14:00:00,31.26306601687246,0.17079818060831936,1.392111902710098,18.383372492692242,0.9042140997688416,0.6940778057821199,1.3360869924011756,0.1318921737833492,384.2082888846465,201.6892065971349
2018-07-17 15:00:00,31.318143111270235,0.20382469340397924,1.3792741318082724,20.777623937888876,0.9300577203115835,0.9453863887600495,0.4353554386435754,0.028164433298710004,403.5387880059034,206.39118505596096
2018-07-17 16:00:00,21.54685803253899,0.2488456473101445,1.352888944178096,20.953251603781936,0.7977018870773931,0.5562139174092307,1.956628199164129,0.11131068098393213,358.93790285580553,187.2639701416575
2018-07-17 17:00:00,33.5382936001935,0.07155827240229107,1.389730778451648,18.08147842991416,1.068048326877019,1.1093909068856418,0.6370407152727601,0.2261124776252788,332.068664541915,194.5575795153058
2018-07-17 18:00:00,27.578785586717856,0.029253476344222817,,21.92259041196997,1.4427769573052884,0.9093274733131932,0.5482598927790429,0.17220637923116136,336.8779726412842,170.52970693750262
2018-07-17 19:00:00,32.39686199161612,0.16644381555665894,1.415630381653847,20.780875625447788,1.1406695031029137,0.7958214192192473,0.8157871246735144,0.20172742328008553,405.7619959191228,207.73429857122423
2018-07-17 20:00:00,24.800744015459177,0.21445259988026816,1.366061481081048,21.847463796928935,0.8444286528507036,0.7331252775409757,0.469928041943496,0.09894779516284827,372.62946807280815,187.89336311211437
2018-07-17 21:00:00,33.432848427443005,0.2133403976213399,1.386034789676185,18.632087388937144,1.2044117053884658,0.8530841940761625,1.075376210091402,0.15880146091925978,400.0791734932518,221.2075070651495
2018-07-17 22:00:00,,0.2695256670229477,1.3884986361463842,18.67704981553338,0.9429976817318351,1.0376519421544828,0.493234833971146,0.14367793868687645,390.9166733318535,203.71146447539275
2018-07-17 23:00:00,20.162564772204476,0.3945317914069286,1.3722328507888775,20.20935903799427,1.2474072966569607,1.009547795747512,1.2196057993225036,0.11246168617595101,434.27804392829785,214.54529159284166
2018-07-18 00:00:00,33.58072964628896,0.33348885690188595,1.3976008140442582,21.062210265138596,1.1452017523895852,0.7588924105443078,2.3899258341036256,0.09385519323260277,456.90529796316576,253.85785610757426
2018-07-18 01:00:00,21.369300151792004,0.3139917840439657,1.365752890301324,22.683890468848986,0.470234518215088,0.7307920654744731,0.4187282784939334,0.10469642101758106,364.1589419135057,198.1830422808051
2018-07-18 02:00:00,24.789704563856223,0.3102020023292804,1.4061389189237172,21.443561355292022,0.819265666068095,1.0313797412639296,0.7112996687923394,0.15776385155210076,384.8903387094135,218.57735720803657
2018-07-18 03:00:00,34.25092950576207,0.4835101724524157,1.3396206095925975,20.371658236567388,1.1699893401103703,0.7555305190769941,1.21173605850181,,510.02121287766016,281.71636937378156
2018-07-18 04:00:00,34.25910720406334,0.24550861956316888,1.3837913873863923,19.496421472441256,1.0272983089861032,0.9119819548159007,0.5404164835854834,0.10093019142164648,390.65982078128843,224.41672126327876
2018-07-18 05:00:00,28.601568321849292,0.30151387487732284,1.4381678699717484,22.26781374754674,0.8157239294125869,0.9247509285048554,1.2150010651147587,0.130069808173039,421.2451033323734,226.2119235009481
2018-07-18 06:00:00,29.47755818254699,0.27687553251340086,1.3499900602618327,19.696455455348822,0.8859538872111137,0.9624124263453477,1.3187910203964335,0.08409953143191187,407.7629415021579,219.09248000710133
2018-07-18 07:00:00,26.726682829674797,0.31415461085411495,1.3596676508842545,22.869074531460736,0.6568774083839115,1.0716540860363744,2.1207971822178866,0.23025963095964813,436.1255401387568,234.93033603087338
2018-07-18 08:00:00,24.39816157547097,0.24231842327830255,1.3954172354897674,20.63296385580244,0.9840928082452487,0.6474074126265355,0.4636920683838564,0.15894604977210838,383.1577976525085,192.65643628837938
2018-07-18 09:00:00,24.92996818054874,0.24070569382613577,1.3853874534581878,22.940721894813965,1.3979241506828375,0.5177681349479024,0.34244601041792955,0.12720141504525562,388.86026685382416,194.66349317722867
2018-07-18 10:00:00,30.087776841155577,0.30040683203553464,1.3905189029782066,21.90300612500969,1.1448880103318186,0.7865105437543297,0.6065529792860703,0.08962237203780349,385.6719775097122,227.90501609528988
2018-07-18 11:00:00,31.2856179415652,0.5343175985083816,1.3946756139044298,20.978609216881722,1.3942750602139162,1.2603056815664373,0.3348339114197847,0.23368222845096914,517.1413113891036,302.5670769748976
2018-07-18 12:00:00,31.873685655887726,0.5136652141080328,1.399041644056853,20.57287677651528,1.1588314761621965,1.3044348200174758,1.3296354837872189,0.2453836507865504,511.78174119689646,292.5963598782769
2018-07-18 13:00:00,31.84427214191831,0.36672040203318224,1.4132909952586865,20.838628790021076,1.1849462818034846,,0.28119139472910015,0.1630346700973117,450.06340413487305,247.8709016322232
2018-07-18 14:00:00,21.368091545730355,0.29780350686141127,1.3922945597078553,21.811665588003844,1.3553341637941043,0.8614037264478621,6.531072848438737,0.23619469558998513,368.3064251446947,217.2866167650028
2018-07-18 15:00:00,27.41630457053872,0.24718932613227956,1.3727622703614437,21.438626940591465,1.0679073866816007,0.5435769836030342,2.5681647123709173,,382.3972662459241,202.03023195356175
2018-07-18 16:00:00,20.863381400249665,0.1043810744821945,1.4001772110360817,20.680190588112556,0.9662990821287616,0.43139217966963184,0.8091059885712943,0.22289044867348434,303.04584020426114,149.78157487987022
2018-07-18 17:00:00,28.242933234856032,0.12165953680142119,1.4369964580468564,21.23908902983874,1.185878352991962,0.7771923676901178,1.746321354620947,0.18506563667894343,336.45565878393757,180.1854037874834
2018-07-18 18:00:00,26.622957520600657,0.21878800230673442,1.3760209876085228,21.575565181518584,1.2616912426819393,0.860385273970128,0.1833670808144874,0.13807442278994767,370.6105131040064,198.27408606227667
2018-07-18 19:00:00,33.31556274137449,0.1262130320885705,1.3507641208598806,18.96854820741687,0.9136063643118024,1.1601250802111918,7.75154708214249,0.1751106196172447,905.5809425268206,395.98434959189694
2018-07-18 20:00:00,25.263725188281178,0.24722773454604674,1.4132124200786091,22.11290486514716,0.8701175651787947,1.0735610919084893,0.47032247510948166,0.1443611379706114,412.09974584800955,200.25611206808827
2018-07-18 21:00:00,21.756005246414087,0.28708139986897974,1.3763885650813918,20.425817089323044,1.0249940858375584,0.9454810157983241,0.717780674532375,0.2676220205568731,362.25940563574113,197.00353201507846
2018-07-18 22:00:00,22.144875230792536,0.2172183141506028,1.3148199136195788,20.254156840868557,1.1496697960476991,0.7220310458117717,0.15054646426495735,0.15641574601953762,353.9847445316362,174.97755868930386
2018-07-18 23:00:00,31.42265947576208,0.21573044891839419,1.4054226503145126,19.64829823706305,1.1436563887590812,0.707844088351022,1.239260738189969,0.25801885398301927,375.5259025236461,207.71692776706163
2018-07-19 00:00:00,29.273270949743917,0.35387705885415854,1.3639401544213823,19.553668100329453,0.7436498319662321,0.9508255374142871,0.29556890369529454,0.22013218146194352,413.71576548125597,231.18733474955903
2018-07-19 01:00:00,21.516840141841854,0.38139776627838023,1.3772840015308752,20.111291532043467,1.344089092071398,1.0394101957679454,0.8766448174018496,0.22202445291843245,394.18550260950684,209.82613847480428
2018-07-19 02:00:00,21.26160209172496,0.34268112878671797,1.3899594099170702,20.916745026473325,0.8845903127085669,0.978376252449117,0.4901761116369667,0.25520413774882555,365.0535368014756,200.27575137873347
2018-07-19 03:00:00,30.5145369718868,0.29586212479382384,1.3857149903933719,24.13946592276629,0.9522883005600558,0.693080408078669,0.3032756676829792,0.18730752494902914,412.53233042626147,226.0878444130548
2018-07-19 04:00:00,21.091445095462902,0.28823221299180946,1.401283554514171,21.19071874658173,0.8375222152021924,1.0301335257584172,0.38787626188084323,0.2362394180513357,360.6461862270115,192.47159821572112
2018-07-19 05:00:00,32.32790088935534,0.23582146445888236,1.3669354088829047,22.059520516233047,1.4856991904686758,0.9851821934202823,0.9802630542452221,0.051291019507930774,413.5174724505205,226.82125499286673
2018-07-19 06:00:00,30.593633407347443,0.07169506466369646,1.3953931739452823,22.349463268210428,1.0435727206518342,0.6858667187619644,0.2524642998750673,0.059575239711442116,366.73524170242837,167.3402109746733
2018-07-19 07:00:00,21.220231709628496,0.288560778107366,1.3722135996724825,22.047041324145003,0.8468244854773184,0.7431358059399489,0.407761002159068,0.05230137538640135,368.25561533023796,193.0486696320535
2018-07-19 08:00:00,21.272565711277878,0.28941854461110833,1.402164314426625,21.815914365202055,1.1555062389932402,1.0376991949123133,1.453250093334254,0.028170464489535113,379.1236828337218,202.10033901139445
2018-07-19 09:00:00,34.799593677517635,0.3094447624375788,1.3984610245203914,20.49177752725173,1.1384444402758058,0.8530984929708219,8.323545751248501,0.076004988408984,473.1320751228523,263.3537100882164
2018-07-19 10:00:00,25.614061936341805,0.28697871371615247,1.3519368389386621,23.682721470384475,0.9662091357556208,1.2178294603272914,1.2295968928554415,0.1407479911362921,400.7514126853037,223.8938098141462
2018-07-19 11:00:00,25.559632206003364,0.21707575554333972,1.4125794634852509,24.123912882213393,1.151309208301009,1.0002258552129153,0.35040031208254374,0.1986083945917336,372.07446095079706,196.27726262110474
2018-07-19 12:00:00,32.19199350886254,0.21207907040443613,1.3639210966465785,19.947940939262416,0.8514474470504444,0.8026737623621462,0.5749073943961771,0.2056176421870646,388.13657325001054,207.51941976363062
2018-07-19 13:00:00,34.208728660757885,0.09550376830756038,1.4042417339484343,20.748333879486818,0.9112747105091346,0.8979588799218134,0.8230704785882773,0.15542897741862594,370.4706718315062,185.53358438436283
2018-07-19 14:00:00,,0.32401955765955665,1.3910186194020402,21.649611890706538,0.6381610021781087,0.9126766785275436,0.5841333361512843,0.18739837272068557,472.5104063959948,272.59059883950124
2018-07-19 15:00:00,31.300672778884124,,1.4351455103038535,20.834331854635217,0.7616888048404787,,1.8032828308947864,0.1918961653234624,417.6670649217984,213.72620960347976
2018-07-19 16:00:00,25.643893782963737,0.1345796086337542,1.3732960205288443,22.603503626261613,1.3253735450207234,0.7174823603644747,0.9729550291687464,0.24330106927023842,348.14045450804167,185.50069456715528
2018-07-19 17:00:00,21.25251075048003,0.13398498969271588,1.369520496116454,21.125159528050414,1.2954571529900165,1.0402779787618999,1.8110804395307483,0.26459684373803405,341.715342443582,169.73642695691132
2018-07-19 18:00:00,31.65720373891155,0.27183555077309135,1.379417411823368,24.59806728136792,1.0118419567568133,1.0690546594084192,0.6028161851849282,0.23258669107805816,416.8173773067408,238.8131352427157
2018-07-19 19:00:00,28.376063746037076,0.2664456054821763,1.3709046065149717,23.427744484150665,1.2993276604941708,1.0207562939105919,2.6374344526958486,0.15771683427715946,411.75609825906884,236.17744543855684
2018-07-19 20:00:00,26.363330138704644,0.16262106015508643,1.4039982570582614,22.251433798873233,0.9711865924105051,1.2030636188647605,0.6886786088032514,0.12745309121637083,352.3658478359687,193.91832797582188
2018-07-19 21:00:00,33.59531577642104,0.28918181096914763,1.3315106817469022,23.224160724511123,0.9561861455377766,0.7916453527976797,0.33379961086152765,0.1154844931515405,423.7706754137398,225.62471974724366
2018-07-19 22:00:00,21.66796223459227,0.3359073178212419,1.3483895274256092,23.312464810787716,1.0101719167238001,1.234854153214226,5.67712414278697,0.12237471585594896,414.8342948523731,219.04910683654705
2018-07-19 23:00:00,27.389376564362887,,1.3479659123526242,21.30043120288058,0.9775141128417583,0.7198157762891695,0.15479965854985792,0.16150785516895458,409.8229180068226,206.1329808155417
2018-07-20 00:00:00,20.170304671511285,0.379505682630197,1.408509227759207,20.987670678759283,0.9612646617591676,0.6974628873263015,,0.21181517650905626,382.6601291216743,199.34480074274467
2018-07-20 01:00:00,27.029909629911895,0.532202929887734,1.4313184011774576,22.04904858541151,1.2058116592869195,0.54800822357015,0.45499510516800706,0.1960219843245111,449.59765198192366,264.3288699793079
2018-07-20 02:00:00,20.84454913522756,0.6223496425243027,1.3768665234438757,22.975571761846954,1.0270244177121166,0.8108409372346366,7.647142850158879,0.190580677868735,464.55550487713424,261.7954367139396
2018-07-20 03:00:00,21.782268744021078,0.45570752232674827,1.3749353483042996,22.09300252195493,1.1282467175980848,0.7992555326341093,4.067503596918665,0.19494678502124124,421.85792620813845,229.79397979380863
2018-07-20 04:00:00,21.762893701656573,0.523906065053616,1.3821015648933954,20.01645073944405,1.1856484945499195,1.0051874560509302,3.069122769594531,0.15801375222480435,425.1244902050767,246.68837177689372
2018-07-20 05:00:00,29.738154531740953,0.47238770071824326,1.4148563490782455,20.926373767944973,1.069873443217852,0.9487781883240902,0.5940829354162126,0.11128471587630526,469.2644687595793,267.5044027649848
2018-07-20 06:00:00,31.19067318898135,0.44559905579379017,1.3521794059742827,21.78011816808958,0.825351161336517,0.6614053257961726,7.102285631298606,0.03344455568714057,479.21678708030447,258.951409035804
2018-07-20 07:00:00,28.750531476457397,0.2515376725241868,1.3871510694820435,21.755421663520416,0.756484139986473,0.8214547523148366,1.1144636437071047,0.05035777192767199,400.1134627763803,213.28803525337742
2018-07-20 08:00:00,34.43258822711813,0.23744550953587507,1.4092559288934727,24.188824969803747,1.026780514265315,0.8257075957824629,1.927827038723695,0.1306033903526704,433.05592537141933,249.28294255329305
2018-07-20 09:00:00,25.62305869285556,0.17618596944818737,1.3950328250981952,20.13236942685561,0.9691738651315118,0.5448035506076214,0.9404303321485061,0.1081873479292282,343.52782136617236,172.9719328261969
2018-07-20 10:00:00,24.28568129422791,0.2645748838051959,1.3856874484979622,22.374277265832962,1.0157304572056218,0.7038106545973262,0.765165242276448,0.12264398651198052,371.3269066498799,195.73796105090702
2018-07-20 11:00:00,33.0289869228419,0.34588885869586156,1.4100313827770141,23.52476426577216,0.9971102729352544,0.7458372738771821,0.6377911770918641,0.17357226915192733,453.87151505293997,260.4668689489722
2018-07-20 12:00:00,23.35393757779179,0.15116329300579817,1.2989030312100227,24.432078792278276,1.465043258829982,1.1867250039641892,0.6624438063046547,0.20738473127651652,359.87232570333356,191.1831549800053
2018-07-20 13:00:00,34.44833809160917,0.17905151598371707,1.4003362595859272,21.18783454577515,0.7605592739845591,0.9382901431914705,1.383337326913928,0.13165886763594759,407.63725640672357,216.4126036106484
2018-07-20 14:00:00,20.182317120347246,0.29008498157214213,1.3603777295061772,22.22787106797969,0.6418096714321976,1.0324337507895,1.1133085611218971,0.21081888196878704,358.00880841081164,197.85738968074375
2018-07-20 15:00:00,34.548182400614586,0.2631251701154239,1.3250810130943063,22.285194987621587,1.0598278300335298,0.6002729005701577,0.7776585098658789,0.2661323345426013,429.3692095445972,226.66498793801725
2018-07-20 16:00:00,20.647398679258643,0.3175127106809859,1.3953360779857493,21.797681205264674,0.9322439401741248,1.1388428966027984,3.1125055412631752,0.1638884092924472,404.3116071511822,204.45574885341048
2018-07-20 17:00:00,33.367146705471065,0.3253521348868569,1.4212097563548887,21.404414879227474,1.0568922165513912,1.1602204126048186,0.05539747226912897,0.12090283339699906,453.140701456354,247.02234974396686
2018-07-20 18:00:00,27.915516636294498,0.33007931297700993,1.3758765445611691,22.004443213255662,1.1050989440111203,0.5003310065710748,1.2658640997802921,0.21600714102697094,424.8967447985111,218.31832059493638
2018-07-20 19:00:00,34.894471941789504,0.28435032083844314,1.4085862364160882,18.39915141995628,1.2311388451322016,0.7589366552168304,1.5262615052762036,0.1927930733408645,449.6769681642618,240.28822181922374
2018-07-20 20:00:00,21.106948471030982,0.17671876025605343,1.4283683477396591,22.21124766587016,0.7286993523308911,0.9991531146031021,2.2459375032225117,0.05448916715740765,369.57111908970825,181.54161076404844
2018-07-20 21:00:00,28.30781426601981,0.10898072038523521,1.4194474336075213,21.497452629524567,0.8997907783857106,1.0288776907076365,0.7546299002513095,0.020712610010483412,364.85802639500616,179.28688510696497
2018-07-20 22:00:00,34.53953803428649,0.20803470542609004,1.4291989358811417,21.030715681019647,1.0771770265985374,0.7643010539025556,0.9646253506757096,0.06946538849594117,420.5766426686644,220.6515032449351
2018-07-20 23:00:00,27.846467662552232,0.2221809542397737,1.4022638247321566,23.703952877699844,1.1386834472237009,0.8389001073892695,1.9429549681427174,0.043896674080488585,407.9095247693176,218.10999742874654
2018-07-21 00:00:00,29.440979572028937,0.2194456883992636,1.3822630091670476,20.386231600157974,1.3948209190519094,0.7805237877909714,3.061503736875549,0.07353257821010667,632.9480194963836,355.23144545936685
2018-07-21 01:00:00,30.436230334769256,0.1947007784936963,1.3319410256430848,20.65931261733464,1.1720267148004961,0.922083609389224,0.6104090712442597,0.11806331974707873,357.6751606331906,199.53053053725313
2018-07-21 02:00:00,26.818115971516598,0.18687543730712727,1.3726181253561014,23.478152539584233,0.9897780527404701,1.1394357062923826,1.0172822937251373,0.23057326809033096,371.38193142044975,204.7052851130281
2018-07-21 03:00:00,29.41337120126095,0.28956574967404025,1.3547026021405142,20.033549841852718,0.8397215644703209,0.7457915685717591,3.623980533442518,0.19291672588053121,416.9321626124657,222.99864951083845
2018-07-21 04:00:00,28.764714678846502,0.25087649822238606,1.4451282815249342,20.314087095806403,0.8984278265105765,1.1001640995536828,0.11827203581250649,0.25210254350268424,384.117643334539,224.96222627035058
2018-07-21 05:00:00,33.51737015736484,0.14332837169154472,1.3747234256270298,20.738481757616935,0.8933134918677208,0.7436655855306225,0.4299205343769711,0.30898713582381676,387.3820914822519,198.27860033478746
2018-07-21 06:00:00,20.681695705121868,0.23482200222729516,1.3836961442035345,21.862983344805144,1.1179420531324769,0.7304745575006232,2.9924990154032214,0.3434508616554146,335.8578845068951,190.65006535381167
2018-07-21 07:00:00,24.214447843883455,0.22298526844992922,1.396544561281214,21.04117606910774,1.0462595402054495,1.0637189236686426,2.138576667130542,0.29515579259638286,363.0017271654082,196.59209219358974
2018-07-21 08:00:00,34.25617226114838,0.23360135715757258,1.3813080733911736,19.17691410505762,0.7617430772484078,1.0843872756015234,1.2802522624076833,0.13129612668749124,408.7198192497692,232.82694050048667
2018-07-21 09:00:00,33.35395675836374,0.3671272145222616,1.4308515312129224,20.0242734929892,0.9215377355637221,1.0702819873525309,0.5342556885482292,0.17842716793672667,430.41597711765974,259.44378451089415
2018-07-21 10:00:00,26.834851291785693,0.3303442055775425,1.3613205191479663,19.86744133885922,1.1579585596212558,0.6368405183563718,0.3617578547881514,0.24196029403084846,420.76990894841396,210.93943057235438
2018-07-21 11:00:00,29.30198896702305,0.32937563775377776,1.3858382236571172,20.43559222706898,1.0632992238953307,0.8068098043855898,0.4698989494180301,0.21231215009238402,397.057384070228,223.03748845174366
2018-07-21 12:00:00,24.16071774471699,0.2112490671237784,1.3577258824290583,20.96988134322016,1.1023560308822986,1.0645977184006643,3.2221983610215053,0.30406232225994534,359.09809379813066,195.14893239879905
2018-07-21 13:00:00,22.82181739585642,0.20530079079856806,1.3403993246633787,20.889969116780584,1.0689259078103073,0.9083083681127789,0.45441610423098694,0.30602740704401465,355.2025963232577,181.70425238260856
2018-07-21 14:00:00,26.95547607409973,0.26747263717568576,1.3616469272728413,18.184824697173827,1.2927575322295946,0.6852614307605072,0.8764611641291158,0.28971284685557586,393.58225128634507,205.73576587397022
2018-07-21 15:00:00,25.30028342039079,0.13780094731568066,1.3788888960885475,21.51936987219231,1.0424877514883866,0.9916635878250883,0.40596820644732257,0.3110105507856958,327.17307817678005,179.39647030374292
2018-07-21 16:00:00,28.754841677763082,0.18752827057023325,1.367120933264482,20.471032837949934,0.9305158963832744,0.7570385482017059,1.7080512073053844,0.27860852154707016,384.73390712279763,199.26573870515597
2018-07-21 17:00:00,21.166019554474772,0.21433307521074776,1.3592273706037843,21.75342861748768,0.8351640925959591,1.2589049696784425,0.4926298473755028,0.08959648296452091,346.68052171398716,184.92556025295886
2018-07-21 18:00:00,34.6159221149925,0.22833614909451858,1.3378104760898448,,1.0449297024777482,1.2089682924836518,0.7327299573179005,0.09580955269049062,442.3122456870999,228.2223022763569
2018-07-21 19:00:00,34.79316116719404,0.3178080162588225,1.377506832821139,21.257941723225958,0.5606732773404849,1.0208194852711134,0.17583882491339942,0.2013158132491656,455.42830200112047,250.95931149823917
2018-07-21 20:00:00,30.47242571029618,0.32422069256905744,1.33485838877907,20.416580031859393,0.9668279796701118,1.1722013409539547,0.18727541017943086,0.1443340075436016,412.3143295655185,231.03297788828868
2018-07-21 21:00:00,28.041445495161806,0.4202002366668557,1.402801678910688,21.391393253742326,0.962948825214158,0.9129582700246762,0.8055438196187864,0.1451920542119446,430.02377611211267,261.3302223105105
2018-07-21 22:00:00,24.642914244294914,0.2896530044192761,1.382473192588035,20.320669615175284,0.7543952463488894,1.0530874988750032,0.24273499385753117,0.09642505369298249,369.34191593846145,206.287597271642
2018-07-21 23:00:00,32.20692529560423,0.2886310684709611,1.336273455016052,19.493391843180813,0.8329121490419207,1.195544059060415,5.3197931663218965,0.23689038792789563,419.23125723511174,247.6466216730913
2018-07-22 00:00:00,30.27096758830819,0.2837990908408686,,22.253633178291096,1.1457383554266833,0.9490997363588626,0.125115952429704,0.3150237802018183,426.89940060439545,225.5328061897982
2018-07-22 01:00:00,22.43925409017337,0.1881190040882016,1.3574353078322825,20.508303164842154,1.0415281148334932,0.8489625656971433,0.3893403741594634,0.2079821344126472,337.95784718656876,173.2073697557544
2018-07-22 02:00:00,33.663907767407636,0.2831869030290488,1.3895752353125752,20.043650726029778,1.018321900067319,0.5590756083645768,0.8121154486605612,0.20562716067093337,435.625121906104,235.11426783947005
2018-07-22 03:00:00,32.33805864384753,0.4592046965885596,1.4202135133806941,17.73626891024416,1.055142556107764,0.8833732948557013,0.5759334314695292,0.15454665353671715,500.1092932360363,265.49475581913714
2018-07-22 04:00:00,34.246998699378864,0.39508280165328524,1.3237448259106275,17.63354644444298,1.0166729658308062,1.0646846369124623,0.29615436349067586,0.20162467046391297,417.4354691808382,263.05937443278
2018-07-22 05:00:00,30.8857926258254,0.391959648219201,1.3834507823744224,19.44148702803055,1.2237152613144966,1.089126685513526,0.3378076572522247,0.22355578691288752,463.964004002891,248.38341352595006
2018-07-22 06:00:00,29.201227939036848,0.35613323181866685,1.3751960161330006,19.17462543732189,1.0222172527066569,1.000873013143682,0.32800309946195,0.2548358064445284,420.51847875477944,226.60646084619245
2018-07-22 07:00:00,26.273645544359283,0.2672064886804927,1.4001402022935139,18.17191064346805,0.737521639512625,0.7917401810075521,0.6180455760114851,0.2448165907291903,388.07967633801536,204.4423423832952
2018-07-22 08:00:00,33.9909272503102,0.11638371985218357,1.3863958988471305,18.98600861624982,1.2934233936773938,0.5046356862104819,4.634798058532286,0.39501432682082227,374.9035264109033,195.13166978871317
2018-07-22 09:00:00,32.990958342506126,0.10000672524889928,1.3574409200478352,20.630295312089594,1.0666612481191922,0.800956980399053,0.8581297351880737,0.24733317019184897,350.9206914324711,191.1194131134289
2018-07-22 10:00:00,20.678280051592843,0.03364803719809101,1.3704283819300014,19.464709850194826,0.8939343284568878,0.8391310257892097,2.3197673236872265,0.11776370084891853,305.73914017953206,145.00068691256993
2018-07-22 11:00:00,20.39550461745878,0.23488179228339315,1.3561192242958953,17.16649935874091,0.7743876907068967,0.8374142065619972,1.2625521142522942,0.11907280846726342,370.2446098563602,174.15291600534397
2018-07-22 12:00:00,25.646950503170743,0.23020847908451608,1.4122802141579578,18.306609265883274,1.0712645597724482,1.023711271395585,2.180016851615097,0.04936438914674199,388.5697627106525,193.88174990589218
2018-07-22 13:00:00,32.158299961727494,0.2084723890353876,1.380639349460158,17.37842699391257,0.9789090391046125,1.297135282202968,0.06436975341632913,0.012070897287685622,399.02961944972543,225.41778212383844
2018-07-22 14:00:00,34.80914193972417,0.2920629783077958,1.43703572057259,17.782399660805204,1.2833464214858337,0.9247058403682187,0.6082582278356918,0.01916365912073336,435.0021361948127,231.4069739062922
2018-07-22 15:00:00,22.256253366552922,0.18970399658698603,1.3781801755855612,17.653868898516237,0.937736689479971,0.8566536421687077,2.594200377707757,0.02816686114654237,337.5512477463849,177.80401785310517
2018-07-22 16:00:00,28.911960730282026,0.14644367457052604,1.358747796992686,17.478946160829206,0.849271457857156,0.8481556373991815,0.4782097707631791,0.03162303057092182,340.6198038211945,186.41649436374104
2018-07-22 17:00:00,25.713362849465323,0.1829563537392579,1.334588568221615,16.447246480374872,1.1612433192824672,0.9248769533815429,3.908221054017601,0.12206695536927778,351.11272234168234,192.83190828693725
2018-07-22 18:00:00,34.548715967219046,0.285370966931359,1.3259058097123215,17.700916348427857,1.1665507406890296,0.7343412479303202,3.0415205980145794,0.11486882955644652,402.21033694728817,239.4617672002986
2018-07-22 19:00:00,32.63178384703563,,1.3324759217098352,17.081501064119646,1.0303572461698352,0.9240397117492111,0.5244730704050444,0.1301504232415191,408.75372581769966,227.45245490943333
2018-07-22 20:00:00,32.574930570667064,0.31529214772708863,1.3880137995303443,14.138485706899267,1.1217442685814836,0.99016246726636,0.5086522397365834,0.20374422041496754,410.5280582163254,238.28893019159153
2018-07-22 21:00:00,27.030397396924556,0.30195392222784334,1.3952617506968978,20.016480700017123,0.9932163182663972,0.9419372127148976,0.32129717367355587,0.14826718076209494,392.0832442307739,217.81515455134695
2018-07-22 22:00:00,26.222292535064977,0.3183866140016324,1.332564278939036,18.758054958658008,1.0420957181816644,0.9915083868009562,0.453945396594808,0.14508755453497363,389.78874961266104,210.73082772071697
2018-07-22 23:00:00,24.101106078960594,0.314002862211483,1.4068511494222833,16.8981454561532,1.2096983588615062,0.9867495218697071,0.2638238300333663,0.1809981318865591,382.8942675009976,204.44750150640198
2018-07-23 00:00:00,20.845632449763908,0.21240422156588323,,17.270053004595272,1.1125573001238704,0.5456206635507113,1.1767854322127813,0.06410481109472219,336.45428070534786,165.1429849408938
2018-07-23 01:00:00,32.9708356438258,0.22736929282677038,1.3844037903595663,15.7388687554782,0.9695306011001276,,0.21576069147407723,,382.9350655557302,206.46194332699443
2018-07-23 02:00:00,32.19351513695116,0.14826341226531908,1.4283666188476627,19.076756519374623,1.2434252582667071,0.7657970308675093,1.3774254809353228,0.0731881733997424,355.4328041546165,206.65609689741433
2018-07-23 03:00:00,,0.18527099201778927,1.406905179475966,19.215353223969128,0.5743260328975278,0.6808321673992084,1.4079394828700882,0.14543376087385934,402.1836212338144,225.49902056982864
2018-07-23 04:00:00,34.94955255610858,0.16623785909339317,1.371944080562825,17.023071079656226,1.3693731960559483,,0.179383821249524,0.2831134646154603,372.4418472003523,198.44621834764897
2018-07-23 05:00:00,28.33147558403941,0.39451703118800413,1.3532642332375413,17.95945283345331,0.6929273629196677,0.9867083220945059,3.2274527195454206,0.2513537713212848,446.7522835372158,244.4344539667604
2018-07-23 06:00:00,31.534811227707657,0.34797037113146595,1.3154455379601206,16.837514914326636,0.8871232915409867,0.8554850145550295,1.270111654657904,0.27199664582825656,440.84817749605287,233.64802931565453
2018-07-23 07:00:00,34.17148594823642,0.20624009449109906,1.3584254004227272,14.918863929834831,0.9926348436648875,0.5636062432029179,1.5707994097947167,0.2234696288817955,407.44057531137133,205.84308461003343
2018-07-23 08:00:00,32.74471086016117,,1.3736660928351692,15.924350799708371,0.973633479268931,0.9956075630384567,0.4041608920295148,0.22391541062418246,394.8893537760553,208.4445789574574
2018-07-23 09:00:00,23.710221526147965,0.2625922541537618,1.3503846141854643,16.472329297584015,1.1811539872047798,0.6120783738402346,1.4007357794457473,0.30638465687948147,361.41551516653544,191.40514404789366
2018-07-23 10:00:00,26.758162029651402,0.3926836935998352,1.3760622909872307,15.66393971772287,0.8095894086501578,0.9279642717036422,2.204742128283779,0.12839122504015077,413.81375463000666,226.54262069643997
2018-07-23 11:00:00,21.937391227272425,0.30272239352478714,1.382305556488763,15.842330505701652,1.0469380271469513,0.9476997851346108,0.7320612377303346,0.1738517104783913,351.4449231073278,187.10989307045193
2018-07-23 12:00:00,34.31076540888083,0.16031143754545982,1.3732543205457575,15.890320530989067,0.8959218223204443,1.077115416339009,4.848098964408769,,371.9896958764399,222.3736398141035
2018-07-23 13:00:00,29.0926195167632,0.2525649671963004,1.360499922575296,15.798231363937743,1.053125376280735,1.2563369572933705,0.832364044900698,0.2715897912075666,396.1270944674905,210.0277676961446
2018-07-23 14:00:00,23.42964208255194,0.1413475805654382,1.3850596401590016,15.85331320838198,0.9883409932363822,0.6270647348198917,2.2334861686093648,0.33398825251851083,330.73638987198194,162.30372092578247
2018-07-23 15:00:00,30.075510266087853,0.13905087107520794,1.3932582194870822,14.413258182866416,1.016728417482936,0.8895052287873901,1.0413983477909663,0.23464022253933994,337.3443532281887,183.01973756615513
2018-07-23 16:00:00,29.271923606868437,0.15172597091176604,1.3472880276767145,14.721041778581721,0.9010135301564178,0.8447329409911566,1.3550330270712891,0.21086128387378114,341.7402935412612,182.08146456584083
2018-07-23 17:00:00,25.37244077049261,0.1756375033742276,1.422327971392388,13.935564424674089,0.9081884889827052,0.9867499371921925,0.17775615347614612,0.20052825246758393,328.16879647628645,184.79011682189991
2018-07-23 18:00:00,21.703363882994434,0.25307940892790615,1.377042356031472,16.54620788001752,1.0517090525249368,0.9431337541867237,1.1171768272675717,0.05926148671902412,350.73345933089865,187.43850532857712
2018-07-23 19:00:00,30.073597933891996,0.1974648436666233,1.3805654886883454,12.74200760936073,1.1698687910360879,0.829490751452676,0.41287056278414497,0.037466222360402465,377.6157066236687,195.06707472320403
2018-07-23 20:00:00,27.8046155135569,0.19132705039329545,1.4012464326976966,16.549269806219918,0.8923097198443875,0.8118195622778289,0.3734758158718285,0.028667228653202315,355.336986757272,190.3803076564841
2018-07-23 21:00:00,31.58477587603459,0.20778730703935575,1.386996483937905,16.725012486474032,0.8436218419768763,0.6767098289631905,3.8441377083739385,0.13852430187387302,366.0877383441894,214.50915616777513
2018-07-23 22:00:00,27.8024525166799,0.23241895152905206,1.4085940990173973,14.595494229619275,1.1104228298209307,1.0975723164813018,0.659985921948433,0.2074437674653671,368.7623151317587,197.70597625632024
2018-07-23 23:00:00,32.7827225047781,0.24551944004697027,1.3886137249560546,11.731381522347982,0.9941492992496159,0.9918408363199058,0.3242906169941388,0.21590844704161224,387.3162714251462,210.13792064089066
2018-07-24 00:00:00,28.278602581617285,0.2817440700506856,1.3616268787607868,14.318957180732701,1.1494896641174714,1.0835536395590275,0.5790525667835273,0.2509912420363097,380.64584089978507,204.31649555398874
2018-07-24 01:00:00,28.414069573030794,0.3397280098068189,1.390845105756183,14.573272680390229,0.8369565015931935,0.8379207727048973,0.2481929633487117,0.21274578045847936,393.81365529717414,215.77709011753996
2018-07-24 02:00:00,33.14980403987518,0.34422033611685066,1.34568821378038,13.335750762487296,0.6797009934237825,0.7686329062611139,2.9076711540123767,0.2717633684474602,444.47165050506334,246.1634253347185
2018-07-24 03:00:00,26.052242993185956,0.35224107716253295,1.3832567911732956,13.828823656814977,0.9040592652712598,0.6843369866741544,0.42773295242581577,,392.57228939553573,207.3467018714267
2018-07-24 04:00:00,22.01022842675961,0.19499090067405483,1.379003100280666,16.182410103734025,0.8620565303322971,0.9717835167481319,1.2881748727504043,0.21682303942144565,337.2290877663118,182.72749345782785
2018-07-24 05:00:00,20.431740144700086,0.21551184640509283,1.3737564942818237,15.043682366425664,0.985818087985546,0.692041355094353,2.7110946723716562,0.18615826565712268,342.6333259992338,165.95708495642302
2018-07-24 06:00:00,31.327058835104285,0.26421889632369366,1.376143874656832,13.036421096496596,0.8853678614313298,1.26973261379331,0.5100324313478379,0.22476198805245928,385.9305611526403,221.08269034538426
2018-07-24 07:00:00,29.30464327030197,0.3182685229922216,1.3235445286350707,12.12947206974254,1.133383051240561,0.6384714837813119,1.2913350913745878,,390.20635970896535,202.3942847300139
2018-07-24 08:00:00,30.561196521488355,0.24239990415585155,1.363538252767771,13.555458358914265,0.948132952763947,0.9547320238425004,0.3165668001543562,0.23953704093270453,397.1822574511208,203.98584328950142
2018-07-24 09:00:00,23.194462422633663,0.1919567909180045,1.3827853470342333,13.593644167507673,1.027085409779302,1.2133709414427574,7.228626609166325,0.14779327611666232,359.05315960450565,193.98883021598635
2018-07-24 10:00:00,22.045572133801546,0.16344169961991528,1.384795691759922,14.347799464340515,1.02837422051937,1.019817951852762,1.8581819618259996,0.09474099038630576,337.99056483334806,169.8347837254398
2018-07-24 11:00:00,20.21816998501823,0.23232230172524815,1.3491697457722212,13.01323317398317,1.0350919166341936,0.9351347424983559,0.672677443234721,0.1700901995393737,339.4221873297556,170.06262591377367
2018-07-24 12:00:00,25.258813382098957,0.32033609560161036,1.4179712352259408,14.173379631979442,0.9956567601181048,0.7063032706076209,0.39903988323141126,0.16874146684864347,388.28850786284073,194.82508646165982
2018-07-24 13:00:00,28.848765302819494,0.2666384583377991,1.3540147545535648,15.786475277628083,1.0919081242738564,0.6236461622864593,0.7219925570987975,0.14601139513999836,397.31823009101777,191.79742462907592
2018-07-24 14:00:00,25.883660676495985,0.33428390592662327,1.409083716015802,14.348374346198652,0.8567820759113547,1.054010021783517,0.5891179260107244,0.21301030103252658,368.9388477154401,216.09453214784318
2018-07-24 15:00:00,26.562123830355937,0.3188771188818038,1.3928158308561505,13.218350792765799,1.251895226797699,1.2012294481549892,4.639035820249809,0.16337049577435087,405.9615152335844,233.62464471084203
2018-07-24 16:00:00,33.562380417406224,0.2882711210442678,1.3606131807046857,12.963390058020705,0.9574232709936636,0.8122300019043658,0.2655041516539742,0.1580102222065883,404.8357458132027,213.80788551079078
2018-07-24 17:00:00,25.223832005349507,0.2598790463455499,1.4332593267782852,12.663134517506133,0.7639211551782373,0.6721876984767298,0.9031900610555172,0.25075981032822253,389.9830773044638,196.82087528679224
2018-07-24 18:00:00,,0.31664424161005755,1.3441908950473056,14.41676909494257,1.0338532042585191,0.4083661138901963,0.7869049513136457,0.31480442694557254,403.2007697760818,201.19829083615144
2018-07-24 19:00:00,31.754795191117147,0.3226971944700059,1.4075746252083,12.156995415398114,0.8467875131594527,0.7038470312674925,0.7197777309652246,0.35522654878356313,407.2018029446063,217.26036870253904
2018-07-24 20:00:00,25.948141734819053,0.4829540703408151,1.4100174695412893,12.874751665400748,1.1197602162115976,0.877268631500192,0.7254968556166667,0.2682083826541032,437.4635688110428,231.43720023133045
2018-07-24 21:00:00,29.331300503418102,0.3448898777987846,1.3598813937277006,12.793603272167143,1.397729003687628,1.219824648167347,0.7206459759235289,0.3067672038915301,414.63032408865746,231.83147775241102
2018-07-24 22:00:00,32.93545563120118,0.3578710506215473,1.4217739590019298,12.04270154780168,0.8584170235195869,,1.755258094300431,0.19912315266879735,448.23387781759874,244.60608356637027
2018-07-24 23:00:00,34.24280935486463,,1.3724986045620313,10.911582724432808,1.0598270199803173,0.9610170809413506,1.3839509980410727,0.13705971911795473,399.2273227098623,219.0984510193799
2018-07-25 00:00:00,22.20610221393557,0.20367859929602194,1.3886608088783956,12.860857890586365,0.6840089940331671,0.8199760677397738,1.1663472993300474,0.013208480313311177,341.90585258646183,164.5949343264896
2018-07-25 01:00:00,33.89881437742242,0.2167056485444176,1.3878096551631365,12.315905094861249,1.0817029412994426,0.7833668565488088,0.05214463509911901,0.1802971803018985,380.661183448314,198.64027662960584
2018-07-25 02:00:00,27.38174439619307,0.2376821523336552,1.3759707377558834,,0.8405715160360558,1.1811295195015927,1.047778109004999,0.1283395172365744,371.1638877760443,200.6944607646578
2018-07-25 03:00:00,23.873665824484377,,1.4043242481947933,11.583757285973975,0.8875297686817931,0.9401477081516779,0.1802845261110422,0.14141175555712104,397.8464353045314,222.0532791997069
2018-07-25 04:00:00,26.887036343573918,0.3926503084722,1.4038046616165663,13.608259900456426,0.801768431828831,0.4794798616157956,1.4312448577965193,0.10222759281857559,408.9187440463907,216.12057321579712
2018-07-25 05:00:00,34.700488629282155,0.25944091757176535,1.3275440408028545,11.011517288602745,1.1317872206898523,0.7652920704205515,3.015917451259999,0.1750464705909538,427.82354712167717,221.8678344577525
2018-07-25 06:00:00,27.389271409893045,0.2784494996997866,1.4191302072863445,14.039664702668329,1.1813147843451872,0.7283567936456746,0.3475805811548172,0.15448986271153187,367.02762253320583,205.0972096385918
2018-07-25 07:00:00,24.931274154312625,0.10394344678614117,1.3301252403589297,9.810846027831099,1.0042093386385313,0.790747198164507,0.6320756444433868,0.08640490420094217,292.6256283192745,152.0887212729511
2018-07-25 08:00:00,29.501012814750887,0.14040387014195757,1.4109763861302496,12.353773854714285,0.8444031930395705,1.012582132057017,0.4664690127557247,0.15034269637172892,344.8249262219464,181.61498802936498
2018-07-25 09:00:00,23.602184281672898,0.17456473168298317,1.4138011541048274,12.32787613191266,1.2861141464986952,,2.4320755944544286,0.07618181633442365,332.70981488950713,180.9909107579896
2018-07-25 10:00:00,21.13794992162996,0.26076334281370517,1.3472710070935439,10.729292716439037,0.8649261770041619,0.8846269185992676,0.8714311188852797,0.06746474628172472,323.4907872599843,167.40412802912599
2018-07-25 11:00:00,21.933195828659738,0.3354241199238214,1.3676755713613624,12.121150515718192,0.610834186013061,1.1626946322650473,3.7899502455899645,0.01,380.4011216138942,204.84881964390678
2018-07-25 12:00:00,21.920687584366586,0.2695113144340575,1.346828859945422,13.076553450847824,1.0825100217922723,0.7607077820426623,1.1609460479845588,0.01,327.705166585382,175.68325798138568
2018-07-25 13:00:00,22.278540402684413,0.2516087989334456,1.3735523690913378,8.811559911438492,0.801140558744527,1.27283990517747,0.9950737850518249,0.06963283846504403,325.4712239224016,175.99836208818306
2018-07-25 14:00:00,22.082407589741152,0.18983649280455825,1.3707589714744277,12.007027110275109,1.1779495828298514,0.7657384817257828,0.850647506648411,0.01,349.5360145078183,161.43496008738063
2018-07-25 15:00:00,29.613121172048217,0.11764054057857527,1.40338981596808,8.345199246862084,0.9313952145987846,0.9178396393225143,1.6703769808960565,0.01,342.0533880286764,164.11096621922331
2018-07-25 16:00:00,,0.18213996075545344,1.4193092623835881,10.11313771413182,1.1086683832979554,0.8437592809194466,0.1674515656659757,0.060263333631076096,311.89652394302254,170.24348548888736
2018-07-25 17:00:00,25.18500924985795,0.10061112864108947,1.4218705143236985,13.163186577597381,1.2522700623793885,0.9246838267001922,0.8638691301835403,0.0755415864130625,327.5474675035298,161.16665363095393
2018-07-25 18:00:00,33.45182614859018,0.11225763800301355,1.363134959202651,10.447759593679852,0.7824054043682701,0.9889183990146259,0.7511233818221092,0.23684715000539602,354.8330437768878,191.31610150013094
2018-07-25 19:00:00,27.109424603943086,0.07396642981017051,1.3737233437876641,9.676431776975287,0.8981313164393671,0.9867670480177754,1.5368477347568126,0.32414208276470013,324.0615453586196,162.31131321904726
2018-07-25 20:00:00,30.013366077815405,0.17075115577034014,1.3294968542333714,10.788249289888135,0.9863792069217285,0.749376533875884,0.6756534403491015,0.21440990189375086,345.8878253576784,181.30818392958912
2018-07-25 21:00:00,22.584798068024448,0.33864021698055713,1.3558238980051143,13.449464198123724,1.2767592374261818,0.6754170645104859,0.31411235391433207,0.2340741982404594,379.2887920464301,187.52959607716284
2018-07-25 22:00:00,22.88433528213006,0.2079211132621235,1.4089455489929237,8.713692726414216,0.8814911107707198,1.4006343581811422,0.8053100311161601,0.2574014723570427,305.5526552548643,181.68317128877456
2018-07-25 23:00:00,20.613029243997183,0.07230330065168092,1.428467484706447,9.595424301820115,0.8929893347291787,0.8032031320798894,0.30188774762917053,0.1905921519327614,273.0486729841749,142.06149427352798
2018-07-26 00:00:00,22.53402594608247,0.11562135962817127,1.3429695338436023,12.60076559710892,1.0860653036000456,1.0398424877343972,0.14144001944090911,0.09662279896976463,301.43218819264956,155.86452952574666
2018-07-26 01:00:00,24.17885508547938,,1.3622260722254131,12.9815245694089,0.8960988293720973,0.5784717378953607,1.5392059737905983,0.1292357724233753,741.3700171587723,380.2082370468582
2018-07-26 02:00:00,22.655157264151203,0.20252628733202221,1.379207827291232,10.578196973698098,1.027454658921571,0.8440774560190647,1.347177770851344,0.13917072296517854,320.06195773476236,167.75967610804537
2018-07-26 03:00:00,21.330538006355834,0.18106275991366796,1.388404834764588,9.16709761183782,,0.8745601232035114,1.218034261594494,0.12935656396086997,322.57033077446334,160.6189193322912
2018-07-26 04:00:00,21.809538066509013,0.18569278803353303,1.3557118944023505,13.12224792437599,1.3985793896601875,0.9945630139855666,2.584396525884249,0.1761529504663911,329.37378337884127,169.2994406589777
2018-07-26 05:00:00,26.911681520490887,0.23438578446672131,1.3927218313339227,12.475484147879136,0.7574123385443075,0.35550917180161223,0.43969575700676705,0.13264799385949871,358.37148143697385,182.0115571546063
2018-07-26 06:00:00,23.095005776086886,0.32230452053829206,1.3657848195878723,11.333463639459076,0.9420845132817625,0.9332281226156661,0.2206568983898942,0.08246894346095063,370.97078412816404,193.2937783193788
2018-07-26 07:00:00,25.46404791572113,0.14420926275134177,1.3795664318736516,9.502088060560455,0.994153413548423,0.6700517089264214,0.7511346489285432,0.12802634429756027,332.43526647258955,166.79385768185756
2018-07-26 08:00:00,27.551259062822854,0.14643132880342227,1.3963885274401109,10.378061663593636,1.3442838641842232,0.9648691422389848,0.5851460404858153,0.17197401213266872,326.22584471606547,178.1874042499151
2018-07-26 09:00:00,30.35592242944048,0.19460663367768066,1.380192668094328,10.206085343762995,0.7615277594321068,0.6927341606323674,0.37485736086145005,0.10458571064559803,346.3961498527668,181.21767846149902
2018-07-26 10:00:00,20.589682097616485,0.13778655520551758,1.3669084232842028,10.758865840823244,1.3570667443861752,0.7289034608148838,0.7445257879945208,0.1904368630468237,300.98673006505624,144.58009897798854
2018-07-26 11:00:00,31.99115598363564,0.3099441591852463,1.376711705882225,12.068090272161706,1.136291827798364,0.8452744779213464,0.46135466983566276,0.08003324956152953,407.94145320257536,225.42663477589988
2018-07-26 12:00:00,29.418505842363615,0.24112812101137343,1.3773491112238399,11.348961351593964,1.0750771583961842,0.6895341060793609,0.1532709043931423,0.08533314221397911,359.4170996339402,181.26808075972951
2018-07-26 13:00:00,21.22638547923308,0.24048626974737877,1.368899669103536,8.96932017184008,0.8227659363367681,0.804893110652929,0.5378354755974891,0.10771937315653092,338.22363187062194,163.69981803465012
2018-07-26 14:00:00,33.10367936160166,,1.372236118119987,11.884225564393534,1.1028054235668532,0.6613248462913369,0.28768728597697657,0.09845820113480278,409.2034375725694,212.37948971413067
2018-07-26 15:00:00,33.8130860079772,0.22917272649523232,1.4279594151151414,10.580203610281377,0.869772407964436,0.5333659096602545,0.9854466519188688,0.09717129226781013,401.417894431686,204.92820018099286
2018-07-26 16:00:00,20.916169397822955,0.08769506472230926,1.396827583438237,11.00270459737472,1.2279990255757143,1.103591410485872,0.44327061173587656,0.24256724429917292,278.44892955478434,151.05288925194117
2018-07-26 17:00:00,24.153164722208054,0.10209418315229385,1.3711355904591251,11.913628642422912,0.825208834760608,0.6407902614352143,2.17564413651,0.16648730123716982,330.36034773409904,157.18379312134323
2018-07-26 18:00:00,32.09301919689592,0.22882117268076896,1.400908632135322,8.797218096180904,0.9796314709979049,0.8642638224784033,3.388325712352275,0.3183656840906167,351.4462037079045,197.31421112860352
2018-07-26 19:00:00,31.223895355754877,0.20822321073372718,,10.06724620486626,0.9000508441576291,1.050578216298757,1.4744715942129414,0.28924701723823315,383.3763787914943,201.70341088100923
2018-07-26 20:00:00,,0.15304150339689077,1.415193739127599,9.453408020295695,0.8222458667631409,0.7770111794967913,0.19808340193173207,0.2510715185816594,322.99526084389964,147.89908234767796
2018-07-26 21:00:00,23.140239850050655,0.25618282913804125,1.3910892657659426,8.192438645990627,1.1334375670434245,0.7349668200508924,3.1004053086697363,0.2512173323522556,345.98379713541914,184.67238226325333
2018-07-26 22:00:00,25.55708154187073,0.22786598871478464,1.376780935679873,10.474443560676482,1.0963825745337341,0.9452476177334843,3.3035738060832767,0.37452606436647046,375.35322003364337,188.80256123425676
2018-07-26 23:00:00,27.26784477786532,0.19369332700833186,1.3934315077743082,13.058590952053377,1.2176218358021795,1.1235867645454305,0.8136442147562577,0.2371000583839954,354.2862087594008,180.92484359943168
2018-07-27 00:00:00,29.27382157295444,0.2225418160788971,1.3328737154379449,7.824775334383458,0.6796224805225299,0.6661369469827062,2.6313315030185613,0.1470349598942139,368.87873898810625,186.04930810570923
2018-07-27 01:00:00,25.533704593546588,0.29243928802473096,1.3461969759327057,9.984095078190162,1.1915507264213878,0.8699704335965123,0.48692207666199955,0.11492900414221308,366.46985781070924,187.13260329853878
2018-07-27 02:00:00,26.938020741997217,0.47024458415591536,1.3441822498080283,10.783267220530783,1.4509808029642408,0.5535010810065345,0.149155649214322,0.1428859913032015,474.4856970424867,233.92427328724983
2018-07-27 03:00:00,31.21206407200635,0.47035009752173457,1.384288292842911,10.155916633459974,0.9187046039481496,0.821359799263562,,0.054185327293166496,473.10426765685145,250.25438049615968
2018-07-27 04:00:00,20.55024804335897,0.4970322655762818,1.4319754499845527,9.867901374866538,1.3411267501796145,0.9068409369076151,3.7932653881193272,0.10585155073501637,421.9931523753962,225.5615931394626
2018-07-27 05:00:00,23.78655416516031,0.38244528998436883,1.4469390043857788,8.441854192926662,0.9526309710292312,0.7290750716489869,0.20906386854747644,0.2371237584458301,367.41178889338045,205.4625983641349
2018-07-27 06:00:00,30.70024378826829,0.2606422545115001,1.3991415330432226,10.279344091528197,0.7529662472389648,0.8086016332349537,0.7996553972314141,0.22335869850498472,390.00383359331704,206.13853344396676
2018-07-27 07:00:00,33.42810256530799,0.26243608612757985,1.3950253342483336,9.09279705664254,0.9449861603667769,0.61835464633851,0.8249652231380443,0.18845409156447424,386.3914192901466,212.91537841223825
2018-07-27 08:00:00,27.67516163173499,0.2672788535100736,1.3259682679754177,7.375748991911163,1.1886767141815497,0.9154157222762987,0.5041807869896537,0.1479828280176669,369.50085778212855,192.28356553242114
2018-07-27 09:00:00,27.981702278979736,0.17581417814788375,1.3637197860079793,11.441733456089034,0.8491282331803244,1.11113884977663,0.5367016147350843,0.214700399083694,345.83724238625575,177.77232912097406
2018-07-27 10:00:00,21.60758017009664,0.18404636231119761,1.3563664874427528,11.164678682251505,0.8919390413788323,0.6805712260459073,0.853747897724755,0.15127027305593355,304.93884856227317,164.03576739937833
2018-07-27 11:00:00,26.711185502351817,0.2357778617553688,1.3613745720524664,10.084824983670822,1.1068370978127744,0.7754656466895234,0.4823478913199909,0.273545919069515,353.22267836624945,176.17851885936713
2018-07-27 12:00:00,27.98925899682535,0.2688759748302046,1.3749556854424563,10.307758253637203,1.000550821012943,1.0005092492908363,0.2224626183813787,0.35212913630457043,356.406190306707,202.44204348341958
2018-07-27 13:00:00,23.637057554520943,0.303556210651885,1.365837282669086,11.333904705410742,1.1052321314476132,1.1424181438645473,0.9708194185868345,0.2986825297024495,363.79505688593355,189.1390921179075
2018-07-27 14:00:00,24.038648464240715,0.3107665258673149,1.3206210056887262,10.327599175684277,1.0428093173365005,0.6013620375582138,2.101993905115862,0.250518612536871,353.8835160106792,190.3392869039054
2018-07-27 15:00:00,25.65926244656934,0.25197587536551597,1.402437307683526,11.158691022142749,,0.8662430525168101,1.7497478913536744,0.28415075601661616,365.11187863763774,201.92924422580194
2018-07-27 16:00:00,20.301067966665897,0.21027106262395373,1.3478177092278056,9.734174840878131,0.9221857865542826,0.956626164463905,0.38600480092503053,0.3081783637436092,319.6529240833045,159.51679211982437
2018-07-27 17:00:00,24.831187483747676,0.12627363199725755,1.3871774059233344,11.68461738560275,1.0417115695654706,0.8795887218742304,0.2594351074822366,0.2085475143826006,314.6057372015831,159.56144693054264
2018-07-27 18:00:00,23.17172010494817,,1.4422224800924992,10.516057266716386,0.8330728589747319,0.4046415866245826,0.6194565948031776,0.16553520064135824,358.5502478676002,184.77510246169012
2018-07-27 19:00:00,24.912460282668718,0.29039751104256495,1.3524184622524071,10.386641943615636,1.23191805205061,1.0002180018617544,3.2800832642039714,0.09198027430381722,375.62857283999267,197.76846117646753
2018-07-27 20:00:00,21.79643197728877,0.2602900132662073,1.30409137431761,8.65415233588958,0.8858305509728835,1.203867270218129,1.4303150286281856,,340.61384977012335,185.79875591044424
2018-07-27 21:00:00,33.35790921109842,0.1828996427701484,1.3714198733435965,10.548792067427641,1.20319254775889,0.9233323502339007,1.5074578029240453,0.2030369095368137,361.718002443121,202.0293858419436
2018-07-27 22:00:00,28.90388680331073,0.43788238212532615,1.413028789049957,9.234083923376746,0.9579507470230842,0.6937787893411473,1.7819846325332807,0.11282660745041186,439.6909747022641,233.86361831751347
2018-07-27 23:00:00,30.186534787167346,0.29565142490989665,1.4387504236266178,9.496232192387595,1.036359821936318,0.7973745507271434,1.1682960911218958,0.11238403018127757,416.7953078265945,209.60877913797498
2018-07-28 00:00:00,31.837568579110076,0.2476481633884418,1.3431135121664275,9.315210148249733,0.9109063808396739,1.2539826135311185,0.8917264547945549,0.0585951830538856,388.79032690212284,204.75421921656525
2018-07-28 01:00:00,27.476632983935858,0.2816206612747941,1.3949009766970955,9.04740662812503,0.8171208223897548,1.0819925081721118,1.451986553477013,0.053229121217701104,378.37415572859845,200.6248086644417
2018-07-28 02:00:00,21.303804321311354,0.3201515001518981,1.3660406862965984,12.911569958904902,0.6859431302310457,1.0280053236768658,0.4893422947555054,0.13699849634419864,364.9471449693425,188.07272870738757
2018-07-28 03:00:00,28.056598127278217,0.3757406145235833,1.3768215493708758,11.996124315402874,0.8100416514533573,0.9712825167068753,0.22398856858233687,0.11019017380582243,411.7061494954478,217.8919941806958
2018-07-28 04:00:00,,0.48262711078804943,1.459330300410511,12.741337875172388,0.9416964064211341,0.7677725775618055,1.5335015109207422,0.12006454692155555,470.95845366634427,249.31903203430352
2018-07-28 05:00:00,31.18159211276495,0.45333158998849155,1.3349108901481452,9.009496855818684,1.038138252189199,0.8598857638688463,2.4371290894007394,0.04640002447609441,418.8608752276693,260.9795654245343
2018-07-28 06:00:00,26.47489319344519,0.30784964899461065,1.387612189844837,10.604231754037466,1.1818682763909873,0.8844154528642969,0.29242346732000135,0.11105942726913652,354.2080321331661,193.33876418409932
2018-07-28 07:00:00,21.913704541933456,0.2699391442864849,1.394030795152963,9.009944127535183,0.9197636572365672,1.009914863212889,1.6762946345159375,0.13597925717080298,357.5091241019596,182.4530324920501
2018-07-28 08:00:00,24.256638586980866,0.28858399080165026,1.4125735897481804,9.772401869568515,0.8412470624319086,1.2017837788533807,3.631136158890904,0.10984999930049205,353.09027422309697,206.58735220638113
2018-07-28 09:00:00,25.446234445979528,0.44246687688162106,1.3829394946041267,9.552208474769904,0.7403113385195117,1.1236676273586257,0.7983843683506944,0.12656914171934677,416.26044184003547,230.7169032630808
2018-07-28 10:00:00,29.688758619974017,0.2729023755431909,1.389241516185123,12.18981525057631,1.0864114512227387,0.6161231288407919,0.3831435646604917,0.15875917786181473,379.59708309102575,199.52279993612393
2018-07-28 11:00:00,28.56167457003368,0.36223778329825185,1.3682505429773462,10.276806143441508,1.2489750127592818,0.9447989937802098,0.8936628098546615,0.11836341778252818,392.06183542621903,219.36519570603878
2018-07-28 12:00:00,25.341450888467694,0.34295959787248964,1.3880738082373532,12.085902777726185,1.227939448232132,1.0473526690335795,0.4874224282738988,0.05444229802941014,388.8093184592082,209.7448717028801
2018-07-28 13:00:00,34.79772873189469,0.3820981613291012,1.3697042317350776,11.581941263293546,1.1277878946665028,1.0237720660289271,0.45923158656217866,0.21299984477885497,450.2716036195689,252.5438685514262
2018-07-28 14:00:00,29.086622290353308,0.33430913559949627,1.3986471566956815,13.67607792558719,1.1149377971081678,0.7741532473225161,1.1814259123310793,0.16180354458469662,440.0080458400252,218.662546010201
2018-07-28 15:00:00,23.558401876039916,0.24162178450954128,1.3689116899186908,9.192643524559784,1.3055722803476812,1.4828218431536724,0.18890706983447475,0.1632765205596046,330.14672882752615,179.30412251731917
2018-07-28 16:00:00,21.526737089306057,0.30420507150878545,1.3913130118170656,12.536854452413909,1.059774663055026,0.6445830875337762,0.2181266151056124,0.23061629643698156,367.1943873106488,175.76499170827313
2018-07-28 17:00:00,22.29288708776498,0.3402980322245995,1.3791221155894506,12.460816778746924,1.1163033416843509,0.68336231066679,0.8140107074279982,0.422113089116418,371.434343703947,186.162357499149
2018-07-28 18:00:00,23.68936592576762,,1.413781507523165,9.977843428117872,0.9422589048666402,0.9467190162523152,0.7840980236077645,0.25059866647651885,377.2121876924789,204.9321715712072
2018-07-28 19:00:00,22.410220598893336,0.3476168550411874,1.3784581882923452,12.41674694348403,0.7548321932461437,1.3233606109927707,1.08986688836945,0.2493488327095019,383.4102453990897,207.25382533306225
2018-07-28 20:00:00,22.798505360769585,0.27034603666324325,1.3268090259537935,11.675309433991147,0.8769071979100763,0.7327610298591658,4.325636504909739,0.17915616250805477,364.87817244546096,186.4294688530136
2018-07-28 21:00:00,24.276427530407705,0.13953926606236292,1.4178576450214195,11.064152719314084,0.9983513730637621,0.8468343268706016,0.8789028428642744,0.1471662792302302,323.24299687424485,171.95166824879178
2018-07-28 22:00:00,22.60060392942132,0.23822734769480652,1.3528280309741214,10.415010756919727,1.0109413670502345,1.1154587346031386,1.3705489924494507,0.11708704627773073,340.8224395616597,176.43489173079075
2018-07-28 23:00:00,33.451481369396376,0.27567030198188347,1.3603870098405353,10.608811176924336,1.3467314538739708,0.8964275690224534,0.33249741499506613,0.07471292969860334,394.76310223882626,221.46414916043628
2018-07-29 00:00:00,21.203506184924635,0.1907066007582017,1.3621301611786951,14.000905562078747,1.0146298901663924,0.8330792290939408,1.5967979549406057,0.11435027611208232,317.78034501778967,168.11685233476126
2018-07-29 01:00:00,27.86767084355382,0.16540872666701126,1.4212331427951244,11.612697173033952,1.2121918199246158,1.0131265803773442,0.4981294330950379,0.05214000444435524,355.95762578907835,188.11878288162546
2018-07-29 02:00:00,26.155952404844925,0.15344540371079263,1.315929773580639,12.622517199805836,0.9216860965162631,0.9545035980459187,0.8531116901744548,0.16009245665732535,326.2976852323832,173.0253678370778
2018-07-29 03:00:00,34.735679253629094,0.06377302803896141,1.4741324560097997,10.808280054879653,0.9438983405622579,1.1060877571273582,0.7253454071859415,0.1713556501563977,343.8753736447232,179.11323528429395
2018-07-29 04:00:00,21.680583532520785,0.05422652789886227,1.4116817042719814,10.896226241780047,0.7607786252997794,1.1582937778130726,2.0269521484431783,0.200159488467925,299.6453520183497,147.42337730779616
2018-07-29 05:00:00,25.967833985686124,0.022252140984695273,1.3866971674238746,13.206391610724939,0.866380957682217,0.9614006120010724,0.2460741291950595,0.16412437636398164,296.23875334975924,149.474248368816
2018-07-29 06:00:00,34.54205649913053,0.05757817773825175,1.3783531799815114,10.365724907985006,1.0948566504454755,0.9583465450756619,0.10248300259791376,0.14844238976568408,310.4362995306856,167.11161650903065
2018-07-29 07:00:00,32.982606888409705,0.056208924550411196,1.3885666222457296,11.56538930457063,1.001360832470944,0.9428221964572268,0.6601864534091603,0.17831926816945012,344.18794029386436,166.05508588238226
2018-07-29 08:00:00,32.2560810642392,0.01,1.39563367285138,12.184107235167444,1.1697289515815021,0.9978261113298575,1.219614200822664,0.10914852295732054,318.7567834904755,158.1549012211119
2018-07-29 09:00:00,23.8685424056741,0.22573731590672208,1.3993564675785015,12.357724775909034,1.032625710702109,0.9110341275742928,0.9175014551249149,0.11600968770959218,343.5051726700618,180.970569257851
2018-07-29 10:00:00,22.563313810850985,0.33321937961704395,1.3966681339801033,12.091119206026654,0.9365583283052065,0.8998783035355421,2.425021189667072,0.09002900179304807,380.2860508202337,205.95987570279226
2018-07-29 11:00:00,30.029648298866466,0.24593201201033188,1.3826874204376574,12.864093598402821,,1.1393254241654485,1.185887993367466,0.072583272440368,392.74342078160527,210.86382002669023
2018-07-29 12:00:00,33.94063983691379,0.2689461201395211,1.37407984739078,13.304715393226534,0.9830973576316515,1.2032232360710087,0.4816165360196118,0.01,417.40574278406245,228.4362268984481
2018-07-29 13:00:00,28.351443395208946,0.2966594912833684,1.3754618014903945,,1.2093401745469547,0.5984894110733159,0.0986653271066715,0.14573539678480937,391.9084674565333,199.02388984179393
2018-07-29 14:00:00,28.574190342048496,0.377948512280236,1.3741527515894194,11.461878008774132,0.927782342821958,0.9020042303481138,0.6461493809375705,0.11824891288165948,420.3124866155149,215.38410063215454
2018-07-29 15:00:00,24.199686404904263,0.2740755564633589,1.414013102906012,12.39117967239528,1.127727906289042,0.762261113310953,2.017823692593146,0.2127519110388087,386.12186214825493,196.247968787974
2018-07-29 16:00:00,31.542393997879053,0.35422143224294533,1.3978067016684257,14.254199848853089,1.1670428186473036,0.8378057067027855,0.5621500028510874,0.26377868590694276,440.93922889784164,228.1322305958968
2018-07-29 17:00:00,22.80565622836285,0.2791225782335069,1.2917883409600714,13.98334817562831,1.0375285547036046,0.9805032419470643,0.8206526718765953,0.15310722915317604,346.10326124381754,183.3669918573161
2018-07-29 18:00:00,24.855188546063655,0.16351681242996574,1.3996770232958928,11.352568658222724,0.5761930739146116,1.0338876743084937,1.1689205049421056,0.09855966335153489,326.220746916755,177.04979443486351
2018-07-29 19:00:00,26.38154657924625,0.24739269344613582,1.3858420858415632,13.512918158944615,1.0032854429541003,0.877574711277731,0.32080985347543856,0.28476597557226196,382.5942432664035,195.08011726001234
2018-07-29 20:00:00,27.614155680266826,0.3514355593420893,1.379438737306623,10.809300324034881,1.2214828085967955,0.5173319330554395,1.4018163038371434,0.34791514185898575,398.5025233947777,205.505871895596
2018-07-29 21:00:00,23.636145986226204,0.5280376094219174,1.3683444464073333,13.332378884035156,1.0949465499449915,0.706990883884764,3.4912717205654937,0.2788579743157052,430.163022863925,240.60517246692189
2018-07-29 22:00:00,21.722552371088053,0.348648305388125,1.4137233815995802,15.647093539360704,1.0802509975412644,1.079299934040033,0.6847677371861772,0.2547571709744641,351.1491454038065,198.81449641092982
2018-07-29 23:00:00,29.159300636624486,0.3749673885781506,1.4084257938636857,12.326819168833019,0.6899937518876466,0.3519147155930138,0.2895864144607807,0.18700351840784712,423.02397532571774,214.67419198784762
2018-07-30 00:00:00,24.329458298603836,0.30469307250122274,1.3568136699652915,12.558392486955295,0.8703180872784895,1.1374854303364,0.7534561364864497,0.21014327389672866,368.3124284050287,180.69393107054407
2018-07-30 01:00:00,28.718573321339186,0.3509538475927784,1.392211568613736,14.572448966951796,1.0740443736072591,1.0042459981289082,0.10805777414944971,0.1550550502946889,384.2117240811676,233.17884621593794
2018-07-30 02:00:00,22.315440729113035,0.20302852921644482,1.3508502979637613,11.900998621252954,1.0738689898216405,1.1632352163060045,1.0833622355260089,0.04309180431891027,333.6890759071683,175.77478298964462
2018-07-30 03:00:00,27.217101527822262,0.11609838839562625,1.338611455056332,13.090486266866147,1.2186400204239225,0.860286162623808,1.2018997002376501,0.018561735400683108,323.26936032506967,164.2750821297831
2018-07-30 04:00:00,27.98884148827379,0.09419888602361967,1.361198483262301,14.66360850514408,0.9739239840737031,0.487718915195419,3.6144117338621258,0.08440260611144511,370.55191188762376,161.41132853390047
2018-07-30 05:00:00,20.777353052336405,0.14725634386998052,1.4058718041714826,13.28544805602978,1.0730483356012865,,0.6718374452809086,0.054777529536711805,305.48403221995903,157.40508778122071
2018-07-30 06:00:00,25.049064172908807,0.1267929393859179,1.4085937513612825,13.862734049097147,1.002947363547633,1.1549306248076683,1.1554538991103478,0.10082986982721501,323.7731788347958,177.2194138787025
2018-07-30 07:00:00,22.016220154084614,0.21647940508321611,1.3953925626029187,15.138792624041614,0.8223503074297198,1.0849443611026843,0.3685043202792416,0.06801825953035721,326.3313026585769,168.85400324203866
2018-07-30 08:00:00,20.950624557091515,0.30868715301888444,1.4017528736054399,14.852031165341872,0.5939575604029455,0.7674617033023929,0.5804637303654371,0.06586972036809471,378.8468433534437,186.94539525935735
2018-07-30 09:00:00,34.84940348584918,0.3390472104128476,1.3954853486134486,14.767267804939356,1.0775817445834137,0.9173522150925294,0.20274414905932012,0.16271175060564835,432.7086786912047,252.69558707859414
2018-07-30 10:00:00,24.835307674620843,0.44183605846186275,1.3607555521433112,14.14152189127794,1.0313104975143061,,0.6713570210111849,0.18447588322179528,399.7255609609716,214.65795072162098
2018-07-30 11:00:00,32.148116687819524,0.41755137127973135,1.392957676340218,15.094367012259553,0.8887284924219696,0.7361467071621256,0.6077924688081198,,464.33217047885665,249.6577661041266
2018-07-30 12:00:00,23.819609821456456,0.26993422306859854,1.4040122857568305,14.604050638973735,0.7085488498271444,1.0910777142359702,1.047217072171869,0.23400123717680485,349.02319785602253,209.3873703935429
2018-07-30 13:00:00,30.22254083335894,0.37302407723108616,1.402628739894407,15.404512759651666,1.113353112593573,0.6604935377469676,0.45640224429803816,0.24123725790692374,436.784450562543,233.96257453013743
2018-07-30 14:00:00,31.403417898345296,0.28770435521328047,1.4156674011442392,14.361792503856842,0.9521343866448007,0.7212367138836775,0.8623166473685626,0.3035361522192363,433.57854195237667,219.7083100404615
2018-07-30 15:00:00,28.934581109117666,0.34922652862414194,1.4012491154160318,14.842310440503157,1.1002374500262662,0.6791948733055229,0.5926296559165961,0.22653013559263335,420.41509540181045,223.06273842993855
2018-07-30 16:00:00,27.073642828252375,,1.3905434462262474,13.977012043177197,1.3355287354741165,0.6019504953401906,0.5936335906048829,0.1821399826439295,441.1457293483765,229.3114818787483
2018-07-30 17:00:00,26.177613712209027,0.4232851560113474,1.4121045071494926,15.226774807561632,0.6145424415424532,0.9292828583685208,0.8600046713495938,0.10321743360287698,440.0947938185686,241.86967908550233
2018-07-30 18:00:00,25.23302399814493,0.2516069041547712,1.379204362222528,14.399628184039459,0.8740718544335745,1.1323006096963952,0.829715089130268,0.10819161711938101,384.33801254123716,193.25328020040763
2018-07-30 19:00:00,33.94293716371739,0.17766785958755654,1.3535437604631684,14.140209803319667,0.9623123896038556,0.8630246487509469,1.5871073519417693,0.19480116392977534,397.94628467942897,193.33493563642585
2018-07-30 20:00:00,32.45929111681593,0.3051870590621004,1.375107991081687,15.891854534961716,1.261868711346397,0.5988504398871667,0.7176866096479667,0.2668799406935932,427.15833368182655,222.61894614719293
2018-07-30 21:00:00,34.47540365999769,0.275101126492045,1.3576529206558063,15.941271993571524,0.7054474565428328,1.0679889079484055,0.5838913455962762,0.28974627450135604,432.6618116033477,228.00474831841842
2018-07-30 22:00:00,21.864458352283172,0.27393667133980476,1.3597446517507685,16.73005150172327,1.3484549846225087,1.2371403508069942,0.6798587303414876,0.1381962527078474,345.98541658314355,192.8552143483582
2018-07-30 23:00:00,30.963012128054665,0.32746162323095207,1.3756644398785343,15.377934877886185,1.0244540622819323,0.7707515351706811,0.4204871930677529,0.21990646438435252,425.0434409892895,221.75390167980535
2018-07-31 00:00:00,34.07510685231557,0.3599289652280923,1.356227402370001,16.489663416204102,0.9827198808879055,0.8042891466564563,0.5786464929077817,0.09363276123428727,428.72178460551487,250.52760489346545
2018-07-31 01:00:00,22.718495992484904,0.34925426065050147,1.3707611541108287,16.765671525352086,0.9643492426205968,,4.977358309990491,0.1820666961879132,388.2672493713303,217.38535459911404
2018-07-31 02:00:00,20.997444010501663,0.3027845127577138,1.3231915599913864,16.743125549612913,0.9214726542075948,1.2243747495570103,0.35184855552821,0.1591729461184846,311.1343261408237,190.44469225883924
2018-07-31 03:00:00,31.116809739350884,0.26193568327181105,1.386398811221188,15.323231318095091,1.188661016668448,0.7960331708549548,0.6225481826410758,0.2096557665071221,402.86461034730866,212.42014553475153
2018-07-31 04:00:00,28.617096697698678,0.32698688431357514,1.3800361642608667,16.59777502119017,0.8076662642651611,0.633510043800359,0.5644613596805191,0.11784655903059929,396.94656523077686,208.76217568001152
2018-07-31 05:00:00,32.62743165137408,0.3481763815049261,1.3554873410679542,16.95990281175154,1.0621745526958937,1.0262837212544813,0.6404411761781792,0.21297799338072837,449.9442956038443,228.72991682063656
2018-07-31 06:00:00,22.096585649394342,0.29813946700402505,1.399777370052972,16.63578493989545,0.9308473001727444,1.0598136146284598,0.5937725595611242,0.11188831126214369,367.97814264902473,194.74682578001764
2018-07-31 07:00:00,31.929009677898353,0.3702666119422688,1.4081271041287966,14.227442870385588,0.8628159792674623,0.9012262900870454,1.02857313889993,0.09902569210609556,456.05731502407747,246.59582223465483
2018-07-31 08:00:00,23.024409800716167,0.32386389914920544,1.3317732040689307,17.02762615452857,1.4654755316231012,0.7883733480685099,0.1716494192252006,0.07152973759751521,359.9797103676641,195.38004355793137
2018-07-31 09:00:00,22.454839142985566,0.23357175545769235,1.3571182566430136,19.593644037518068,1.0754291322556229,1.0988757461984093,2.0346234684062288,0.01,370.77767364054876,188.06584561371108
2018-07-31 10:00:00,22.463986968964896,,1.356925729506381,16.60984194349321,1.1103877980390058,1.0056072009095929,1.413658420121952,0.08346810488880363,359.6430842157493,176.40552054721456
2018-07-31 11:00:00,32.21862080347073,0.12114853413090065,1.3518029069667339,,1.2047998205203592,0.7463128966193014,0.26139359552254365,0.23044621000349985,361.74923646697874,181.44106969882506
2018-07-31 12:00:00,29.977958310443,0.1380111725633355,1.4048842452579524,17.695488416560227,0.7441570098426615,0.9098189462611344,0.10379753076012806,0.37028203934130044,365.12962413256076,196.18445745332525
2018-07-31 13:00:00,27.84598137153679,0.2703057630612303,1.3741852158368157,17.724560178623065,1.3154125436419657,0.6296584935950706,0.3320371287143889,0.2999985708299551,389.24194204264296,209.16266757068175
2018-07-31 14:00:00,25.382457261852537,0.1998064196604205,1.3720645547606816,18.882813572097707,0.5483877078708863,1.037178091287584,0.6430432034291751,0.3190000190020244,356.0881979321939,200.0406190068428
2018-07-31 15:00:00,33.158008112196626,0.22994255464374258,1.3198841290677974,,0.8616220461930664,0.8475532861234288,8.158979970175855,0.27732568967692683,423.40888814895595,228.38381586838938
2018-07-31 16:00:00,25.88667661133953,0.18342464060042674,1.3990625409062767,18.531480437991977,0.917374298827798,0.8128578335230526,1.3044581152228742,0.26832840549224884,339.1802499761435,181.3942630188414
2018-07-31 17:00:00,32.24899159207366,0.1825725251185837,1.3428222481543957,18.462736701838182,1.1047102056946911,0.8934251029695132,0.15724121749059775,0.212468124227715,368.48106433638276,202.23691476066548
2018-07-31 18:00:00,26.587023628553276,0.08199747062418843,1.3817979789079897,17.683526121921027,1.039369287905468,0.9080615398660495,0.430058726774779,0.21118549006198511,301.9226833611157,167.5426329941698
2018-07-31 19:00:00,25.65416644137361,0.11475517110440892,1.3883213081387455,18.35983370824897,0.9699733466742892,1.078986012313112,0.7625900005483874,0.23096001631357677,324.3782005435178,178.74865340664678
2018-07-31 20:00:00,26.940196785044098,0.1398321893886893,1.4208197578751594,19.287469837872038,0.9978404779670097,1.0182181062650444,1.0051850436065541,0.17586842605556618,359.89299318829995,188.95495782975695
2018-07-31 21:00:00,24.520668112462133,0.21610556809493814,1.3407353880264266,19.19698615330594,0.8239558557659377,0.8687181442414394,0.2450194887718217,0.17287139763976042,357.24968120742403,185.1262905407953
2018-07-31 22:00:00,31.214140702643768,0.24413637072688635,1.289414635325375,,0.7304981689928488,1.052733629943799,0.7084790735980768,0.17221703144400696,389.15562094189534,225.50125362902475
2018-07-31 23:00:00,27.540805851387187,0.15002408951265683,1.3855154863426107,19.32857659504222,1.130772092020491,0.9801474507383227,0.41936283666268287,0.22491441790623565,353.0485870725929,185.299243154733
2018-08-01 00:00:00,23.48319042720226,0.26675272218234325,1.4340153354453256,18.36279353241577,1.1248671002565134,0.8146800727427926,0.2962575037746943,0.14298672044608055,341.83282991884005,196.28367142362768
2018-08-01 01:00:00,33.49361859911853,,1.4171683905881831,18.62315848806282,1.2852089875282706,0.8750563683527028,1.0105477703473813,0.1546994997511892,423.36158752018645,232.27603558251718
2018-08-01 02:00:00,25.758368320598173,0.28585728549597883,1.3862897824582388,18.718063269936493,0.8577969225732626,0.8703554222313759,1.60535658747094,0.27954002799387534,379.24679462993964,212.74393096710835
2018-08-01 03:00:00,28.15329291670983,0.27436551157637407,1.3652509144310385,18.543651411879363,1.124706737854166,1.0010522686348404,1.7053896152122365,0.30956762595148146,386.600039590593,221.31100751234123
2018-08-01 04:00:00,33.597081664468206,0.22563526232568426,1.4042136778991192,20.246878373243828,0.9489327888943483,0.8265954770556717,1.3415211607500943,0.3386913185042112,420.7298352142451,226.06088065260232
2018-08-01 05:00:00,29.36356993870988,0.25036887080787706,1.3507936140088659,18.808396169658966,1.2142854973348267,0.8219181627156733,0.5113115789060144,0.2766807015132088,376.26061575884796,215.8832232549488
2018-08-01 06:00:00,21.75347061062546,0.2883052844398005,,17.65654464594019,1.1839532998020654,1.2937514618867918,1.5218873374555715,0.25726827472908664,358.89442988580447,198.06606100011763
2018-08-01 07:00:00,34.09748185420213,0.13706204380021597,1.3951641047749987,18.617992622296637,1.0380176918604023,1.0879470963494209,1.0565463654202094,0.2864951348396275,350.44662193687606,203.76446697451198
2018-08-01 08:00:00,29.415620796071266,0.12784256367246355,1.4118062972249663,19.3939492455718,0.9388845718001224,0.7478798671149722,0.9024916357749866,0.33751241267563237,353.87743892870907,187.2822469150428
2018-08-01 09:00:00,25.023584219856293,0.14409403693843734,1.4627898011673321,20.74289195124662,1.172967792149487,1.0141881987884398,0.4613181421659513,0.15741127283240625,335.33900169181555,188.62416834247685
2018-08-01 10:00:00,22.08908108995081,0.19635947431244838,1.391772479015363,20.07887104276308,1.1164428141861817,0.9236700131310355,0.5115386850154378,0.08752028527645302,342.9773787959328,178.48211688655002
2018-08-01 11:00:00,31.91037783905444,,1.364731091228775,,0.8768007276244871,0.9783102350520188,0.8550072685938882,0.20307881725003069,407.6350963345423,239.67884765696215
2018-08-01 12:00:00,29.301091338927705,0.22880229357727616,1.37923277063424,22.508939413769507,0.7609962387737025,0.9274682649130209,7.190376026986566,0.1772339290038902,413.1331923049541,220.82948982420558
2018-08-01 13:00:00,28.001916379644825,0.19532465775866595,1.3269277228533263,19.928620512085864,0.9480640778772766,1.1379285290970471,1.0491440914655739,0.1380371100468495,364.5537930232946,192.58680237203225
2018-08-01 14:00:00,33.40838874576436,0.17072453157934214,1.3591586060673282,21.224437737552762,1.2727744867626776,0.9691240689302892,0.4615277008457583,0.07957260680837347,410.4043790742933,209.99963007101437
2018-08-01 15:00:00,31.82895816836796,0.13038496489717616,1.3677215268566068,19.59386502600635,1.206367688571947,0.8875822603571425,0.3782143987153441,0.08644256199237751,369.1425646569171,190.03621169073892
2018-08-01 16:00:00,22.275123195991267,0.13849455581904233,1.364277348061962,20.496756751765776,0.7997810554592955,1.1084381153966034,0.5138964449955571,0.03972338018999702,305.28985501313076,173.76599406503416
2018-08-01 17:00:00,24.675831016933223,0.23361036667236734,1.3845706461610114,20.943716379365128,0.7898036651380143,0.9466570082175745,5.676986530149032,0.22129968447794685,367.5734897802239,207.0120616589799
2018-08-01 18:00:00,23.727337097216985,0.1542204170415095,1.355327402028534,21.476617292258247,1.2294430929423075,0.9242957158658116,0.5585145925710155,0.2034336475679337,340.228549414995,175.48172016227628
2018-08-01 19:00:00,31.159194388590155,0.21717944354128893,1.4136309200197341,21.360832126828864,0.7955855371435908,0.9628045204972229,1.8094807575416374,0.19058315603499715,391.16719051937537,219.92997774304774
2018-08-01 20:00:00,20.50298652103669,0.0908734320774354,1.3800062119475458,21.214586622841555,1.0916731582555614,0.8812781953267267,0.5703648859127851,,275.94287292208674,157.25568027182834
2018-08-01 21:00:00,28.54834527306975,0.0937043627388283,1.3797209903658414,19.86453660968635,0.8891071812394618,0.9018453985990939,1.0119938925702778,0.2627214066346351,359.11498989625954,177.5826297830891
2018-08-01 22:00:00,31.43688028611036,0.11423390989974094,1.3701631585046123,19.629943551684622,1.2910680864139028,0.7826610822476254,1.631381489276945,0.28638613337405944,374.8745135412036,190.76015948377488
2018-08-01 23:00:00,33.15148455142624,0.28895251076294387,1.3846557205157692,20.787251222104057,0.8613235361551819,0.7497665560752242,0.4781378895909394,0.30824899665888994,433.5549534917359,229.3342091626891
2018-08-02 00:00:00,25.131226230738612,0.25528257315384567,1.404752947940029,21.578622639673643,1.205805075437049,0.7002859227035121,0.4492642474110095,0.21909866494788258,369.68533209751956,201.8649980667132
2018-08-02 01:00:00,32.31885957008019,0.07759832333161851,1.353986093528673,20.2609926404047,1.0332745577308657,0.6216033426405848,3.5602799296457937,0.18558719067131788,365.50048731920185,185.0160118634602
2018-08-02 02:00:00,21.65947605432811,0.01,1.3602565053277422,21.874473017571134,1.0453950737621716,0.7240565277230887,1.9405861256968013,0.22949421372932727,292.0399974276114,156.94338884756613
2018-08-02 03:00:00,32.696784376017774,0.05630776655599757,1.3708882191367,22.406015863325237,0.6453444553567478,0.8651465931066149,1.629806890162689,0.17805318453921914,361.1471307405863,188.70863373567005
2018-08-02 04:00:00,21.912329934979738,,1.3396238722958034,19.628479418752228,0.6034755964229707,0.9206235164891274,1.6248331157313352,0.178525512801898,328.138805657107,174.124982827361
2018-08-02 05:00:00,25.95930935840551,0.21949844214685393,1.3554222642083549,19.787508215728216,0.9602981307518835,0.8457406873704719,1.2098233874445987,0.20304113354662764,386.76509121651515,206.3184138872518
2018-08-02 06:00:00,31.959430486693304,0.242054517966877,1.3657133737936602,20.685651895563282,1.04444309141499,0.42885930197452843,4.917767564826158,0.24093578506659913,395.2356909459151,221.58503903079097
2018-08-02 07:00:00,22.24876141023161,0.3374189303772672,1.4062316754213817,21.28404746756099,0.7974643910072098,1.2149172715524685,0.8322469397410108,0.10990061329774742,403.9232142382991,218.46560537282772
2018-08-02 08:00:00,,0.2680259536051165,1.3878768398700576,20.344745018809785,0.8040351861142584,1.1172960245780763,1.3449980714231193,0.18082510697198514,374.79994975028796,206.34605086782196
2018-08-02 09:00:00,30.833788525895994,0.33421101200572756,1.3858076973410263,22.654666622313112,,0.9891519702434257,0.2167598572062329,0.16647162071208757,422.02226631843257,241.19636155958014
2018-08-02 10:00:00,30.800548048191118,0.17838651760189592,1.405526938865039,21.597168810760696,1.1013138064822836,1.2814981345106538,0.38075156791670367,0.2143304350791154,382.25486495580236,213.4796275565105
2018-08-02 11:00:00,29.61721449327946,0.12747473568628187,1.375878846348018,21.19034026210156,0.9752066091301731,0.7045271765032579,0.271476241651692,0.24721416258875895,363.00229826007694,177.05188840144612
2018-08-02 12:00:00,30.4092266670065,0.019669003385852007,1.3917139454978666,19.47306099406439,1.1404363098134935,1.277525024125201,2.518122725849226,0.31680340122040485,349.96544573688715,182.8410872742332
2018-08-02 13:00:00,28.140866650213944,0.06678067831651305,1.376903347412025,19.66873926312337,0.7886435867703736,0.7069571846498904,0.08042504163797655,0.34328925958951506,329.6052553026533,159.3618304297904
2018-08-02 14:00:00,23.77698588360429,0.11804557744025175,1.3879608704819888,21.634896657491726,0.9359317149243452,0.9477475850582713,0.5569818795603538,0.3587678555103268,320.50756706114146,172.55469269605317
2018-08-02 15:00:00,25.18543990255879,0.16676002358629782,1.3625172402716523,18.7869243937444,1.296617969041061,,0.0540697989615958,0.3738809324561704,342.1917592194334,170.8157568768766
2018-08-02 16:00:00,22.723965752021385,0.1966826847413793,,22.607929169367885,1.0122979833891672,0.9029388191088734,0.3785895443326568,0.313811298562659,363.0459466685563,179.9381591132911
2018-08-02 17:00:00,33.62675842000442,0.13847361285402726,1.3759716251344107,,1.0227362526256598,0.9772332995996778,0.5142747588414458,0.2622178843598058,394.5227752209365,204.4139471152802
2018-08-02 18:00:00,28.75087692149181,0.15671226144476186,1.4226824440829982,25.372984309369283,1.415070385474193,0.869061933773089,2.7821956916472708,0.28169975560658356,404.15365131852593,213.22514831850302
2018-08-02 19:00:00,26.0127712514546,0.06490284952287341,1.4077864620672476,24.29252862145397,0.7481184101472212,1.0427754888180276,1.1431888496835059,0.28494471044993147,347.96535819787596,180.55534498883068
2018-08-02 20:00:00,26.93008705466199,0.22949031267659142,1.408961924537735,21.345364244303703,1.1433574659955799,0.9198028898974515,0.37795848315788294,0.22442285206566326,387.0415745555392,198.9530124801606
2018-08-02 21:00:00,34.20925009417723,0.21135313304177392,1.4170839216541864,21.473878155945638,1.299517530365458,0.7955170543244982,2.0880357602796202,0.23094311576789406,437.51816580192997,226.86086824568648
2018-08-02 22:00:00,22.3002710467412,0.18383630360574643,1.382659727728843,22.832853541517885,0.9415255732302616,0.7866373364395322,0.81294280518301,0.20846008145366077,340.489802993878,182.77301778248727
2018-08-02 23:00:00,,0.33080063879954913,1.3859194712221679,23.71691858549754,1.1547335416338722,1.0621827545231393,,0.1458400743645931,404.38853209100586,241.62765903834068
2018-08-03 00:00:00,27.58833018326699,0.20718072447574604,1.3614704431369693,19.7407042288477,0.8232364905020372,0.7692515940386065,0.2710239980565163,0.23693168910133683,367.107079631056,185.98178251324987
2018-08-03 01:00:00,29.171813531519717,0.12997953801046472,1.3705178143191885,19.59417797735259,0.8763881687978767,1.0830805940969874,0.3281921910659097,0.21747096801260746,339.8726112931499,179.86530256064844
2018-08-03 02:00:00,20.27165275731261,0.07828805061784011,1.398473134493134,21.021128408964657,1.0692939548885743,1.1445423585663863,0.3807047566205767,0.32540507626949555,293.1886033416802,157.35640838587523
2018-08-03 03:00:00,33.08185863416227,0.12437192489652953,1.4161165331150645,22.494840057543044,1.1437420011599062,0.566257227530774,0.8341613705471604,0.16971350954970738,369.0860109470872,200.2846952102109
2018-08-03 04:00:00,33.981774237254186,0.19659087779857848,1.3758166117295698,22.418022666265095,1.2017685722331242,1.126585277460207,0.858089908063199,0.14042137935922244,439.6587677899,230.00057144198908
2018-08-03 05:00:00,28.476997753838134,0.2717876519084316,1.3664943220544576,23.12994613469203,1.2825331456491087,1.3120845396889398,3.210863313047775,0.15821115781698575,415.7652761245053,228.22640787280727
2018-08-03 06:00:00,30.449762358153386,0.4710109817354996,1.3800158387656978,20.42924857036446,0.9878596194600672,0.9504007522403857,1.1313437661821042,0.2351695605479263,478.16446414729944,269.0599258862376
2018-08-03 07:00:00,33.837490717659435,0.22475309087878861,1.3980362024678734,19.11039046512333,1.2148501159310658,1.0198168370589644,0.06995153207927314,0.23706989868488687,385.29762379698576,230.56468369222137
2018-08-03 08:00:00,30.608579514700978,0.2810260107451054,1.3366843555159937,22.93846355243582,0.9383851281791532,1.1074010648738317,1.0133221978950786,0.2328703044617772,386.3557533227242,231.66902717148335
2018-08-03 09:00:00,22.28808564371392,0.22714776171579526,1.3111145714058827,20.932294516012544,,0.8449035369641955,0.2169348346127267,0.1440863551238175,333.3626094070306,183.9342333474838
2018-08-03 10:00:00,28.644325402502197,0.1870902212899548,1.3634838945152523,19.51942297518306,1.0373479836133928,0.9364560447075739,0.33537117231042096,0.08903532924052224,382.7689505230245,197.19102638798728
2018-08-03 11:00:00,29.100725695742838,0.15638138464265816,1.3433786272225752,22.12935340499919,1.0802220232747464,0.6371600940753781,0.3851601427950719,0.14477147716170763,365.07153143444776,180.31782995164983
2018-08-03 12:00:00,26.36196006953579,0.11176539558522286,1.3647557940705806,22.918942198072052,1.0762314173239667,0.9277270057060902,0.44036645673981234,0.07701652666792308,346.9206886621529,175.26798980597508
2018-08-03 13:00:00,31.046663534370843,0.2879977636779322,1.3755665904354757,21.83069963000494,0.7111530982363938,0.9996223991289084,0.23205566421110319,0.08629725098339412,426.7159120383758,228.33918564538502
2018-08-03 14:00:00,34.01550522153522,0.34398222073566476,1.3664025477293096,21.435966238139958,0.7976580654050608,1.003232604585294,0.9607800732234926,0.15383339033518792,444.10005012653914,254.94039060155094
2018-08-03 15:00:00,33.88352769360164,0.3176432327995553,1.4235740260341223,21.800542529952356,1.018457459167154,1.1130849447195161,0.2247277503421931,0.1053605778645062,463.3092757400696,253.8556141220331
2018-08-03 16:00:00,26.76259057106198,0.4054315231586487,1.3898023429380695,21.551645647233634,0.6962897656645897,0.7450395643728942,1.1028053982667958,0.2315377044604121,425.9083924077734,239.79703034960116
2018-08-03 17:00:00,21.69857068761133,0.23779974898714404,1.3890142307883246,20.381429636610147,1.149617998575956,0.7934786486653007,5.990233649981092,0.28435880333052066,388.48476442572667,180.53216400945635
2018-08-03 18:00:00,34.772617984435016,0.13500341378452674,,21.142383187611482,1.1568800739318656,1.2791014691982712,0.24181877322151613,0.14833008209801438,386.64553199780426,203.72782940527983
2018-08-03 19:00:00,32.58347129668901,0.01,1.3458350064665767,22.624622056954927,1.0588906995180023,0.869934325247258,0.6192768669875266,0.10505577466788939,308.78292901709,159.4854474975824
2018-08-03 20:00:00,21.869940218049003,0.015732316541652594,1.4111733536226079,22.382359211766374,0.798195877703574,0.9400067574624656,0.0825579194872551,0.01,288.9891071925696,149.62736103927446
2018-08-03 21:00:00,33.81262823926058,0.09894850371553705,1.377727071403936,22.19344897568763,1.2484250089963327,0.8865979916549558,0.6101897436690037,0.023776616325734003,345.7312974869838,195.21050692480281
2018-08-03 22:00:00,33.04844543093192,0.15249263883546266,1.4001144185172363,,1.3666979151493044,0.7356638347389955,1.4266112633258339,0.13224927838978434,407.1160778076763,207.95942367175604
2018-08-03 23:00:00,27.78257085689108,0.1936922000696143,1.3478442830087953,21.75936439398767,1.0264738289402753,1.2247058421783614,1.5302509734815306,0.12651587049737917,372.58471574942405,199.27907456933852
2018-08-04 00:00:00,28.86913153617394,0.09769999356344346,1.333387237019518,19.354653316478217,1.0918963681212226,0.7944597176158789,0.8576868746549218,0.17555735691538554,311.6554357942357,176.70848090411397
2018-08-04 01:00:00,25.985040558051953,0.20764237490353218,1.4045366897407507,22.1694489065104,1.036312957863288,0.674542895258614,1.7810329962895082,0.08599435505232667,380.64427386657746,198.14302926884167
2018-08-04 02:00:00,20.82142458233047,0.23951986389159236,1.3912922857829253,23.656237661825703,1.0954664540197838,0.8098519445394496,7.911406121569824,0.17147512830631031,368.16215280054087,191.56151081211905
2018-08-04 03:00:00,25.027958624688516,0.30130824724139454,1.3529384533692745,20.157171485120298,0.9784794238072487,0.4996587996548933,3.735683002689968,0.1415785233080852,374.75624442520774,197.18767587638095
2018-08-04 04:00:00,32.042801728970176,0.13449479886177204,1.353910107561759,21.205733310091944,0.9937784368281154,0.7697425070033637,0.4998674139706946,0.15767729492182542,388.09106193548155,190.95227531815806
2018-08-04 05:00:00,20.069480345069042,0.19406562790706364,1.4137630435324429,22.28469123513814,1.1630291680895257,0.7063742804295347,0.2167225881010857,0.16103390686951208,337.59135460213844,178.12259809223553
2018-08-04 06:00:00,25.002487575367162,0.11582472034154238,1.34431764321398,23.372296765715813,1.4222123491413594,,0.5550595763451892,0.0923274328681702,338.4861225665455,187.56053123106207
2018-08-04 07:00:00,25.97253040386415,0.12429144403497072,1.4292801885976787,21.308350849151232,0.747987177807687,0.7653171520880255,0.3411516973451756,0.0582113998165152,340.7528171215554,179.19943331043206
2018-08-04 08:00:00,28.060934044068844,0.2047532027153902,1.3529813779605637,20.991073962536905,0.9813137528074659,1.0775607871157697,1.2008975574673064,0.16499450803011467,354.7660941541459,199.0793907547429
2018-08-04 09:00:00,33.79783424619141,0.2256147304012462,1.3991517577682513,19.43284718683511,0.7875171126582252,1.1796967986138642,0.27631390107231013,0.19493623426817053,386.9500921250551,230.34789631357728
2018-08-04 10:00:00,25.19518991548942,0.16480711289852681,1.3701414457275303,21.891695930799642,1.286564481743695,1.0562350672575198,0.7492491249812913,0.2519646830541079,369.9439338908393,187.06732530069365
2018-08-04 11:00:00,25.204298028443414,0.19086683152372222,1.3980956229324701,24.188319783950707,0.8942071655224183,0.8569223422279847,1.700749604618932,0.24265830396261584,364.45803586962296,192.47441103319565
2018-08-04 12:00:00,31.062518721646228,0.0860839568471141,1.3636765799365742,22.039169252128538,0.7402238571185571,0.9282228993411186,0.7306871860714578,0.2261744204661225,353.65654772185354,176.101907666588
2018-08-04 13:00:00,26.783269113347107,0.2272801614648436,1.3751162128178311,21.646376678575447,1.1148736597927433,0.5950030119711881,0.3413571490807701,0.10414401515966751,346.30086320935834,192.12035869050652
2018-08-04 14:00:00,23.369072344099727,0.21767339146569042,1.3812275752618715,22.024654497635836,1.31397600065376,0.8732441254957521,2.3029458333270734,0.11826440729013032,352.2653761584752,191.736897784937
2018-08-04 15:00:00,26.7865927419904,0.31685536956640936,1.3499343763265557,21.588172154244887,1.1194476163409373,0.7279123063866334,0.14745586009324824,0.14131558514985354,403.98817681491676,209.85882402833198
2018-08-04 16:00:00,22.112855305696996,0.2546762237288031,1.4022247303626036,20.58748588068857,1.036863617910745,1.0388652762298598,0.595616007899231,0.27397578298626657,364.42279393871246,181.70770189206283
2018-08-04 17:00:00,22.64580479759335,0.2113872775376355,1.3646035930058524,22.510965019527887,1.073645366099679,1.4145504778488949,0.7705601413086802,0.2776028677176806,374.66879778193436,196.70747099200378
2018-08-04 18:00:00,27.475516591092195,0.16183615134531712,1.3731420025397993,21.75218657358971,1.2546713193085999,0.9999643271947619,0.8115366264775287,0.3307253915331801,380.04406608603716,182.71966737275264
2018-08-04 19:00:00,26.28388174256822,0.258379220477168,1.3501695187617446,21.45898262454029,0.8426441313974531,0.5017719702090667,0.9411082575049783,0.3062874972735917,379.0871625253614,202.65108914965947
2018-08-04 20:00:00,33.7226885160215,0.1991109617477395,1.3031299902361406,20.2223250450611,0.9798675212644636,0.8277539614171254,1.3857649345806053,0.2130943047471863,401.17732372112187,214.05523890670457
2018-08-04 21:00:00,25.435908486749497,0.2659453078166318,1.3742691671219949,22.910248663451917,0.918515773268284,0.924498185074891,0.7749085578547151,0.20688403581730286,379.03033155440545,204.24182919070537
2018-08-04 22:00:00,28.70882525417065,0.23056552365809901,1.4523784626483873,22.095328851553294,0.7897842446874922,0.9174714850520528,0.5744191025666782,0.2103038402662357,423.1667518094261,216.12312463221738
2018-08-04 23:00:00,29.483964318792957,0.07831880256933973,1.4035381286369406,20.58421323799562,0.9408924533049756,0.7538373748782494,0.554341718769031,0.14183296997350053,355.64815410507293,170.0352335798399
2018-08-05 00:00:00,20.196416848825006,0.08419803637562052,1.379422188607968,22.39834224712496,1.1993897972768408,0.9490583485273871,0.46139176874068116,0.13403653938852506,311.1712811195179,157.97993402650513
2018-08-05 01:00:00,29.953060580250657,0.03960996831390651,1.372113275123752,20.545918798150428,,0.6514998326161225,1.6252236556871174,0.1400759040124847,337.200190364536,171.46260448325447
2018-08-05 02:00:00,22.67053950304627,0.10543919571432156,1.3806739767843612,20.149884385925315,1.115975890019476,0.7110182554629866,,0.2523827323613979,335.7745853215696,147.05325233893683
2018-08-05 03:00:00,34.416054762041824,0.053574818146065864,1.3964135734552563,20.120379666696195,1.0263656100975973,1.0291595283207422,1.714206766493125,0.09858520789338004,873.0823352179173,459.30642295883223
2018-08-05 04:00:00,22.229940916296695,0.18658038075941547,1.3445756155407345,18.84894317162454,1.094198280891146,0.6968673538240349,0.8137969613857025,0.20350022997899062,354.1740340460291,169.69019887152297
2018-08-05 05:00:00,26.219361855905355,0.19832019770334866,1.413429650840066,21.4807631222358,0.8558937383773411,1.0076423210984515,0.500437342694782,0.13789242388983142,338.3227147327317,194.9522450936883
2018-08-05 06:00:00,21.28024502117966,,1.4014614394632372,18.656728112243666,0.9442882205330987,0.6261072450687883,1.3957374908521056,0.072410703097722,347.8552543625702,178.17781143974494
2018-08-05 07:00:00,34.95311377768921,0.26720289219115806,1.401545571771238,19.317680462764844,1.0345607626543618,1.2529651767583472,0.41567478820976644,0.18624294966094104,417.52672481418557,233.67767866492818
2018-08-05 08:00:00,27.532925154968638,0.33915457925987963,1.3931542721642918,18.237358910746096,1.0499528545987402,0.7451460155191891,1.4208028303577744,0.22765965395062748,437.23400980111796,218.10192807517168
2018-08-05 09:00:00,28.930775259800654,0.3108003053403436,1.3805884997308195,20.559592137392755,1.0576338138859371,0.8552666856393112,0.9688068247372381,0.28386691451324786,434.4098471030549,213.7415334954256
2018-08-05 10:00:00,21.006147160826412,0.23086418977429723,1.4001858370790046,,0.975099649237052,0.9661226522180812,0.46774323747421037,0.29036226556068334,346.7325861512803,189.96332618768406
2018-08-05 11:00:00,31.249407055987668,0.0946873635530377,1.3977544240122413,20.136222025512996,0.9320637877965406,0.7869300094997811,1.2874039933285466,0.3698080594406541,376.52579592747395,185.75079000894144
2018-08-05 12:00:00,23.148583896433784,0.08639717392431198,1.3693787786717693,19.207775719259672,1.5683988309479737,0.9286811922142609,1.3083766912231747,0.32740826588106153,352.2031503497306,170.61980330927506
2018-08-05 13:00:00,33.470814341610705,0.08610104201518147,1.362791946813093,18.98144170559106,1.1632217091278318,1.0150713449040252,2.267377991165599,0.25905631696124737,363.5911801324057,194.01322946469242
2018-08-05 14:00:00,23.07709460723011,0.1438353256500108,1.3830556888578596,20.87328263828779,1.074366545671472,1.092122646500697,1.9086358263865484,0.24800937281602897,371.00599219055044,184.47991557415207
2018-08-05 15:00:00,22.860315809954997,0.1480729774639654,1.4264706045448554,19.5819783690691,0.958022470322849,1.0582994871945914,1.2448350950134643,0.29541377139037517,338.6748857010227,181.71870918085605
2018-08-05 16:00:00,20.548245017721424,0.23368572198889,1.3428267877303828,20.54758020859736,0.9187806111501022,0.8656379072394652,0.28997069657446206,0.20248574331861807,335.9713254973487,187.1432968224547
2018-08-05 17:00:00,27.08100417664999,0.18954134369056785,1.3359742420274268,19.02969173702593,0.9764558931291479,0.8706736451912795,7.246979330971635,0.154378131039288,387.55278964257815,201.63265742522094
2018-08-05 18:00:00,28.472616998939245,0.20311564723516215,1.3849428252370954,20.232058929478445,1.052709191845603,1.3698217116050064,0.22618587968435494,0.14608927774769834,366.0496912541433,203.37080485681585
2018-08-05 19:00:00,20.985629591425287,0.3118999485203646,,21.50028781872232,0.6615216020686454,1.0899778136498584,1.879852479740389,0.03337859872269905,381.2179741914375,202.57885429107674
2018-08-05 20:00:00,31.63291425042516,0.3206759810806526,1.3852002499311122,20.560124618590585,0.717509872832557,0.7156352687359573,1.1794071345650468,0.10031186373867224,456.093041534648,233.18755049485327
2018-08-05 21:00:00,26.799332521220414,0.2946701834213717,1.387318595937255,19.281025764439253,0.8853611699909877,0.9199976327531104,0.27807297866816744,0.019019396006141776,389.31224911034843,200.1478275251791
2018-08-05 22:00:00,27.8658540399137,0.23311357304014604,1.3733039323609557,20.002607616381063,1.0372850986201423,0.8329713722443615,0.7153277882015194,0.08659519637964222,356.68843506077576,200.46536593956705
2018-08-05 23:00:00,26.611441204073422,0.18752098939090406,1.4246959031580624,,0.9569308335126667,0.8729331532153781,0.7452607298063431,0.1758745031959003,368.00793388671116,194.9577841939655
2018-08-06 00:00:00,26.01144591312989,0.13821563233747702,1.3319728806457045,,1.266061820697907,0.6541009684583824,2.5905776789716617,0.14891211427891005,341.00336310806046,174.9483557756583
2018-08-06 01:00:00,28.394604969623266,0.12847039337360197,1.3551450892565926,19.05072535552807,0.7331685783407615,0.8176153531228094,0.42099961425191945,0.26197422077855825,357.6620846966075,176.40294756694678
2018-08-06 02:00:00,22.328603688960687,0.22538254246106654,1.3769023571955286,19.157955173762005,0.8647578154713933,1.2623111546387826,0.631982195381943,0.14155447850202568,357.4170212958123,196.47812377446584
2018-08-06 03:00:00,22.728921957429066,0.2150167180193651,1.330704335665375,19.522346233779174,1.273616513378398,1.0158152601751007,0.09772418609777278,0.22840832799912536,360.03443054869734,174.04825295059555
2018-08-06 04:00:00,32.92678431520276,0.11752985706305709,1.3747243678670378,17.987485145900898,1.0236014784415264,0.401767718369708,3.8119579794312695,0.24955322018389048,385.7752256560088,179.3595944481942
2018-08-06 05:00:00,34.19173193200449,0.2987244433889226,1.4298441049718404,17.871173857072346,1.1592716649042085,1.1433446984995894,0.305268070101333,0.11876993721169295,448.0508106896834,235.25209375256972
2018-08-06 06:00:00,25.599639744196296,0.30970432566385886,1.3806265946488787,17.333748935402546,1.3692244497885033,1.1179259045818322,1.073663064327886,0.30590962026944774,383.9557443199286,208.68428928236077
2018-08-06 07:00:00,24.06117009715331,0.17923755592364765,1.3869210271715604,16.988532396073577,0.8751152047776719,0.8281429391387167,0.7302191400317853,0.25172105503143066,351.42802922405156,178.54589997345553
2018-08-06 08:00:00,29.659993148585237,0.16511837496728743,1.3421950570448224,17.35609014605078,0.9821234191974342,1.043452708756643,0.7324615569708375,0.1703835916895205,383.9111591247095,189.87053951841244
2018-08-06 09:00:00,26.131012566471448,0.19945377310337464,1.3615091577588156,18.915298006602235,0.9509631578324431,0.7281201578365599,1.6581992676886268,0.0898049233266713,354.21333021429564,186.43369576971472
2018-08-06 10:00:00,20.380795334905173,0.35098500863615245,1.3687441085902818,17.558881862144208,0.6481732591930104,0.8059488567467286,3.600211749216408,0.11268187233642232,407.8603526075191,208.53374376627312
2018-08-06 11:00:00,22.342288960492855,0.23204050938459717,1.3704685470973128,19.152046927521525,0.9441285753239256,1.1997092721339708,1.0032058795086514,0.1319647110584558,344.9359987066913,186.58583895278778
2018-08-06 12:00:00,30.739583432710965,0.31551161411769374,1.4184493138501129,18.482076356957872,1.1585911937285198,0.8456539920260584,1.4425706051112879,0.15733755834745336,413.7021926063535,237.002091116053
2018-08-06 13:00:00,29.88385912865227,0.40781704404017305,1.3967307318217537,15.982181714809983,1.0973061175262033,0.5260536676090017,1.0755786886250467,0.1485347656350344,445.7866078718294,245.06402922476258
2018-08-06 14:00:00,20.406439887552253,0.3101795864221555,1.3466562612918889,19.03361026156151,1.1114349704898419,0.8873393554437327,1.9989753618873132,0.19911437798792625,374.07005455842153,190.44576633631016
2018-08-06 15:00:00,23.329582428994243,0.2699246209866902,1.38739514335296,19.12316607198186,0.9324083834848901,0.8842823214171287,0.5274146156226206,0.16821083683296098,377.06633135781556,196.21986906591894
2018-08-06 16:00:00,23.46612194882107,0.18104249490078148,1.3949466524549035,16.859485650152187,0.8819024975189845,1.139673713874692,2.105826333657016,0.05682865506534833,334.84868315570543,183.68716344197975
2018-08-06 17:00:00,30.078391153980924,0.18545285514412263,1.4142044711556379,18.45763877821693,1.2284660209417517,0.9028672844351521,2.173429484809164,0.09713550330023053,391.02777927604376,210.29744629718112
2018-08-06 18:00:00,20.29565806631546,0.20188980065345136,1.427416220597051,16.826304081358646,0.9104829136556195,0.8156835377119415,2.1194142567045438,0.01,331.81177097357505,166.6763438064351
2018-08-06 19:00:00,21.561628729768607,0.2690948603040056,1.349547174245164,17.87143468043443,1.0529347669827784,1.1090112290462413,0.4416327467824438,0.08616582352012836,330.627577193335,178.24853512220696
2018-08-06 20:00:00,31.99874128059784,0.35058107989443965,1.3556742746636898,16.136426046556032,1.0294002425219568,0.924158046500222,0.6875316445064391,0.0649414802951189,415.2584838447344,233.10763059501744
2018-08-06 21:00:00,22.678169930815002,0.26055907075637597,1.3422726642325613,15.401186527573634,1.2631090629262813,0.7499954636868567,0.9924057219494482,0.12076650947201936,344.1773439313928,177.87280620907973
2018-08-06 22:00:00,29.791191617778118,0.10000534439138362,1.3729794042267904,16.992150746062453,1.1748542243810247,,0.23295700003346956,0.22330440457468786,344.31447163218354,177.92622194343105
2018-08-06 23:00:00,23.572741715700896,0.14330415873186914,1.39399075123339,17.201231590533382,0.7668534482799183,0.9387323529033599,3.3611549027167,0.14905772102873271,357.40822771766295,178.2477801160263
2018-08-07 00:00:00,21.491620891390177,0.19879591350979964,1.409620035497673,16.770254512569032,,0.9005851933358876,0.7912095476321541,0.2251100081279667,320.2625852645339,179.07465357094898
2018-08-07 01:00:00,23.64758286499181,0.23411055447166307,1.3777214692907243,15.724017302392205,1.104203767252444,0.9355816782823309,1.0329218641417293,0.1810626308756108,357.5396045412279,183.91842007934227
2018-08-07 02:00:00,30.83400397783489,0.21274352832944063,1.3704045743023545,16.56201019144423,0.98841922347175,0.6858663257166806,0.4759475846627459,0.28582926664930164,362.7145783320223,194.202462826066
2018-08-07 03:00:00,32.835447021594284,0.2339006378037232,1.3845527397674622,17.261760493338265,0.9180690788883225,0.7944692447643326,0.24235944261161696,0.2215884031976882,404.73511364753375,209.8074892367151
2018-08-07 04:00:00,32.45329796850487,0.35996603113078607,1.3549457129510991,16.781166969613356,1.1828130191190047,0.9007165203665567,0.4645108101958804,0.15452346278821144,426.25170156709,235.61642909065895
2018-08-07 05:00:00,25.957752944276823,0.357514955308551,1.442686161650843,16.95021729714995,1.033742688776004,0.861067260995064,0.9744717180723894,0.20594838469664417,392.84193115908073,215.72288646806888
2018-08-07 06:00:00,30.021277048559693,0.29539099471573893,1.331770169186458,15.82303253906085,1.0094423296400998,1.1544856765633191,1.466593522755681,0.16942164704056834,413.20995108698315,213.6396016090957
2018-08-07 07:00:00,23.074764431237313,0.24175787093333756,1.3855422173668717,17.928995954145343,1.140369155335909,0.9434811705454007,0.9253981841240422,0.12316601737660049,349.6966685305525,188.50555053277142
2018-08-07 08:00:00,24.3972159539152,0.23064232103911783,1.4407081865768891,15.007130838599016,0.9324803809101584,1.0709807845272805,1.0929801667212413,0.11722921938373282,356.1265980997717,189.88424407225665
2018-08-07 09:00:00,33.445037277816795,0.3673888216738337,1.3802039953367997,16.899088093961733,1.2823334173850598,0.90187907091517,0.5906880184462999,0.1396611396992596,414.90458933970274,255.14491609363893
2018-08-07 10:00:00,20.19502885266104,0.3175081184095878,1.3742988289499551,17.62766629176696,0.8581514278180585,1.1112576967492247,1.2504208295636958,0.236327491694247,374.19500214746864,188.50161368680344
2018-08-07 11:00:00,21.28262796281702,0.2956721353250548,1.369276637315687,16.681804149922375,1.118247231941576,0.9795055513146308,3.0386277893564606,0.09775123028897356,377.4876342127951,192.35119411661373
2018-08-07 12:00:00,23.11829382719041,0.24338540905263414,1.3745882495471275,15.756970927522207,1.258089910958772,0.902684097077692,1.50857718779232,0.13203557771040936,357.60695291792973,196.29398466614887
2018-08-07 13:00:00,20.397983058107297,0.33328845493220105,1.4211854542402957,15.261329105380733,0.752086811931022,0.8973433822081961,1.6577216309126883,0.1887155623054882,350.22380513880086,191.71951499232986
2018-08-07 14:00:00,22.721531526346958,0.46508889883211474,1.3136441426601146,17.033908201040497,0.9381996683465591,0.7091122747418074,1.0423431503398195,0.19683625188280068,424.12654740599726,215.823840077571
2018-08-07 15:00:00,28.745623414545385,0.4366112731369914,1.4260030110388897,13.97841435222833,1.2055973307194003,1.0013831440272623,0.20680414067253455,0.2686936612956925,426.562757199061,236.54036832986208
2018-08-07 16:00:00,26.321368258887468,0.38724972349872805,1.3372812854264955,14.417312045079685,,0.8919590530927243,0.3124398123353799,0.22875547699190404,394.47141759451506,209.69084649918497
2018-08-07 17:00:00,33.39007566615462,0.3490174331030484,1.3720004301229674,14.999996224924,0.969130791930117,0.7996016079637591,1.204716981561946,0.1981801996639857,473.98974217274065,249.65428803732786
2018-08-07 18:00:00,32.26165342607661,0.12856766006927423,1.36712266739104,16.858013729408476,0.8677592031381653,1.1212923541624145,0.7921625264325791,0.22644789261919201,351.5650963136842,195.63034192463243
2018-08-07 19:00:00,25.12726027546814,0.22460943119127735,1.3976565980931215,15.724505102818197,1.1720684480195371,0.6499567948210399,1.1885273818023159,0.21382756446859616,370.6694965871147,186.26122518508444
2018-08-07 20:00:00,23.891351501469387,0.24295991511356163,1.3320562694434874,14.003306484027327,1.2130388384646889,0.8155008209135133,3.6169731322117578,0.17687201438432942,367.62309506638314,180.09376528090132
2018-08-07 21:00:00,25.695386122509003,0.2793393046323511,1.3938651799824582,14.689023963296728,,1.1055437497559066,1.5377016214327417,0.20909185100578043,384.8234135544948,208.69249099784003
2018-08-07 22:00:00,28.854424137722116,0.2136205377159494,1.4407292886986054,14.22092316108287,0.7832955431860515,0.9631045881840506,2.4839599328643605,0.15830341301046955,386.84690886087776,211.79958957643993
2018-08-07 23:00:00,24.020954612343143,0.19377782608299726,1.3391047798622155,14.00339923706049,1.040546202757048,0.8904282144694485,0.8711594087519027,0.1303114186851221,340.0653532480992,178.30164576288217
2018-08-08 00:00:00,29.36223361773701,0.17776248333784425,1.3856911850283118,15.927197325361586,1.1132849140172005,0.9502007086300294,0.38688118018136936,0.11850720990513647,363.78377823098833,193.53462693004636
2018-08-08 01:00:00,26.141174782868607,0.2811635770623341,1.3601405346661015,13.004201918820607,0.9461675646585901,0.9358828342097683,0.7594026856815647,0.2242884755530663,369.3460781889996,191.67395421461762
2018-08-08 02:00:00,28.2807077127797,0.2415137170153864,1.392776616185791,16.47900565328324,1.1222728875968229,0.5966674907428158,0.38774003234125587,0.01331210397269697,396.78593120087635,194.70076815593
2018-08-08 03:00:00,26.541897937029752,0.41067242767955425,1.3805744333224725,15.440961357606428,0.8721754107692712,0.8301476229304077,3.2521681915955734,0.10372319246939472,408.51377454412903,236.81429178339292
2018-08-08 04:00:00,24.416986393128767,0.39693969289689096,1.3607553927286706,15.655209869822455,0.6193551521667277,1.2233043309027498,1.6293944090058814,,423.7079487724768,218.3694264240152
2018-08-08 05:00:00,34.22679960443235,0.2508031722281651,1.3946361685461321,13.690242357233277,0.9236978069801327,0.7681351730445665,1.2780272724223503,0.05292190704590288,421.47590101860226,212.9585689207904
2018-08-08 06:00:00,31.454086912396413,0.240278517099559,1.4341304432936022,13.965969170855399,1.0113817863723582,0.8363397971791332,2.433195297180479,0.12233675097570186,410.8783188599381,219.80035802783465
2018-08-08 07:00:00,22.101697636496787,0.19106095219717803,1.374272886248181,12.326808895827405,0.9503488072186378,0.7916758473381625,0.12987350711852533,0.17394717009531302,332.60089734389067,165.12302942296054
2018-08-08 08:00:00,33.027019638468694,0.03319206895242266,1.4015927382644453,13.31828425156583,0.7914514125412927,0.8825969553363725,1.3582275869474236,0.21174665593863182,330.8334830499266,164.51251379695168
2018-08-08 09:00:00,,0.226192123475799,1.341201811263865,14.442178119899971,0.6731831843418128,0.7833754337351404,0.2459259616658125,0.039938309780482156,336.96306954464734,190.53916179923158
2018-08-08 10:00:00,33.41828340341137,0.28958588981065964,1.3513069086954597,,0.9074640152137784,0.997348300431612,0.7947929170689666,0.1779463505795556,414.3861156458369,228.9651111428395
2018-08-08 11:00:00,31.997828839209728,0.3203667082994067,1.3941721883364113,12.327025048901419,1.1615780388969539,0.9394626824580533,0.6043024964167529,0.1345036080666429,400.98559941862976,231.1765070559716
2018-08-08 12:00:00,26.3782025670385,0.31248898863356106,1.424523480856079,13.120973017162871,1.226115539094463,1.0547095230214036,1.451241503744264,,382.29192473094605,210.84924645992572
2018-08-08 13:00:00,20.33703962480176,0.18318088654809772,1.3906684004635697,13.282731365276772,1.2137884091449218,0.6898117667622079,0.9823820520498787,0.23280216462804293,306.88581922656067,163.64834422914217
2018-08-08 14:00:00,24.030160390774192,0.16453724941923348,1.3706082590843052,11.694826076634556,0.8531362836732604,0.8319319034234194,2.684412524458342,0.15907947363966818,328.88343600281894,175.39846845109128
2018-08-08 15:00:00,28.124513219913005,0.25751853657618445,1.3799787421627006,13.985676091672808,0.7923328617465345,0.854855473677573,0.46540327268586923,0.20707528132489392,368.48914013121913,197.96181125317955
2018-08-08 16:00:00,29.50217329739221,0.1711653732207289,1.3424877679809084,12.314382225193519,1.089394230696381,0.9911293820177189,1.514460696010023,0.17311557434019484,324.6447331010486,188.00907045580269
2018-08-08 17:00:00,23.868315281498035,0.01,1.398135459790661,12.85667385710955,1.1143180020876264,0.7413557605585931,0.9257577791869144,0.05158671384382747,295.4895931249513,137.1750146040293
2018-08-08 18:00:00,22.09034111109236,0.05142347054563748,1.4064699918697021,12.457660753705754,1.0720305289360896,1.083130760851669,0.18361670953851297,0.17301654383796322,310.2181177783476,153.09807133855324
2018-08-08 19:00:00,32.523953551989486,0.09965582505974314,1.3664372900150075,11.96256534367606,0.6374686106372026,1.1372831181035217,0.34997331719696306,0.12930722852180354,350.7816192040383,182.5619754319056
2018-08-08 20:00:00,34.76603271055328,0.15560415085499696,1.3658987355672148,12.812030432024104,0.843960774720976,0.7022255304728833,0.6990494596793975,0.09831472934879885,369.3576359583115,188.41740652775454
2018-08-08 21:00:00,27.885352734540287,0.2422043970796608,1.3879763468895614,12.473434295628216,0.9946560177485239,0.8018254210212868,2.176938764759567,0.106804885527076,375.0947570319621,193.91574885154415
2018-08-08 22:00:00,22.57518928772455,0.2955515429342592,1.366898407918782,12.19861312044113,1.0876992750334769,0.7936136983415816,1.2143478703611776,0.1524171348358889,351.70900122433574,185.94355255362737
2018-08-08 23:00:00,24.084609897790536,0.3025876644734952,1.3780160215612252,11.68438743587731,1.1381153252684477,1.4264772409354998,0.279740107930462,0.1600140562522072,362.0952087462055,204.37368575079907
2018-08-09 00:00:00,20.275860148212,0.38245387617838345,1.4429916536749954,12.85671809118471,1.0259656340107672,0.8140199789584227,0.7050911762226264,0.20089244923375454,370.7991402918482,188.90581712905606
2018-08-09 01:00:00,33.71448209840749,0.22120013085980322,1.37258922897762,14.37345058327846,1.0595410851768825,1.235525088431227,4.917903159658985,0.11216610754853319,395.7716661577718,237.72976675352723
2018-08-09 02:00:00,21.766266243352117,0.27020663676005346,1.3692497954393632,12.473895827453017,1.0152757825049987,0.6466736009786781,0.8842260379800833,0.09475648230327582,365.40650222190294,175.26635293482062
2018-08-09 03:00:00,28.647747132713803,0.31426771479899285,1.360573745830945,13.419419511594333,1.1234114873593268,0.7020698067671274,0.5958677283301552,0.12189406504267347,373.0573355364555,209.79003448064978
2018-08-09 04:00:00,24.11082831030809,0.19582241747287582,1.402325759144998,10.475008031696616,1.056315817268364,0.7626790936303598,1.2453568624700362,0.2590096765851264,346.0983902444952,172.4119059125908
2018-08-09 05:00:00,28.3126700377369,0.09184604353642194,1.3745632748034569,12.252959553209491,1.0118327788085117,0.7308621377106955,1.5902801891676148,0.22057705364625035,326.70229794407834,165.90463868548065
2018-08-09 06:00:00,29.771305825277963,0.07961686035744728,1.360518808850357,10.668374379081573,0.9516936161552715,0.8464202531683003,0.5306274715881641,0.2694595680074481,341.1656911279467,162.33434744259992
2018-08-09 07:00:00,32.446127055608024,0.07780848684898975,1.4196391209681902,10.135699926586732,1.0146324565076466,0.7582443594557003,1.257560515661195,0.23598905093152792,341.9092250536595,177.35379609048132
2018-08-09 08:00:00,23.09631907640905,0.1897394978744873,1.422588090135409,10.944804088295182,1.0872264481910694,0.7361316814530853,0.5950296169326358,0.18457391231266262,325.56193750628546,166.84558747193952
2018-08-09 09:00:00,20.164937429877206,0.1586545458168535,1.3619872930278387,13.187638514177015,1.048145570001651,1.1316943992946655,1.528445629139876,0.16794088194073115,310.01929785640783,167.1404504532183
2018-08-09 10:00:00,22.05328445103211,0.11755030060930116,1.3240038014591815,12.823980192371671,1.0685487553021458,1.144758724502633,0.9320025678093874,0.16265934644270583,303.5438442735178,156.15493911317202
2018-08-09 11:00:00,33.500279627721575,0.1083545114909461,1.4102254106951075,11.903483456750266,1.2416899350432133,1.0898592996750631,1.2344524272744561,0.20581435220326783,342.6332429322516,192.71223964141484
2018-08-09 12:00:00,33.10835116343773,0.2403387447759992,1.3594611052271999,9.701890375267716,1.0477295060943856,1.0047997911168656,0.4039723908384747,0.27796528737655396,373.0858745579578,203.78513714722752
2018-08-09 13:00:00,28.961196532554624,0.2442805912933556,1.403718767974883,11.236205736997844,0.8831802663148316,0.9185486131559105,0.38201274884992253,0.26036002328711166,347.8796303013756,204.09745974592127
2018-08-09 14:00:00,29.0077529065048,0.231656331876796,1.320896885468645,11.765773351968221,1.1590492214789503,0.8005938618668182,1.8734919132938372,0.2994406746967723,358.3980680458304,191.37542950350877
2018-08-09 15:00:00,29.97555011819383,0.22835899241767307,1.4067779201489792,11.547767706752488,0.7540842992195949,0.7093684990489816,0.7448292402735722,0.1937770205602823,378.1821333772907,195.43345957729326
2018-08-09 16:00:00,22.630569179351745,0.33821612143849294,1.3436648421215764,9.059383178182774,0.8053455914669283,0.9725991406865375,1.0339513416105326,0.1633883818073275,364.4082579132632,189.77958349293144
2018-08-09 17:00:00,33.7161791888744,0.2518175468786857,1.4019229235719957,10.139805522092402,1.0604525076496125,0.6652739214906405,0.6071985531708097,0.12657487703193648,369.25540733794884,206.986865417891
2018-08-09 18:00:00,26.281557873381097,0.3565129460902883,1.380428192035093,11.069004716771852,1.092951400201584,0.7012158141649214,1.7962668612748611,0.16681160167165304,394.5894027733779,213.42557895491453
2018-08-09 19:00:00,25.747077923742463,0.3413987661769221,1.3513818174181005,11.728636825686678,0.7758907797692809,1.130582651240962,0.4629331900107044,0.15054945789222698,389.22762102665314,206.6049825571589
2018-08-09 20:00:00,27.783765579242562,0.3011455857658176,1.3677889106121965,8.390421179349817,0.931092853422385,1.2801298083444175,0.7080895804555498,0.20611605095738791,373.71476467998593,215.0447913575906
2018-08-09 21:00:00,,0.4858739498708149,1.400589553708701,10.773427821751621,0.8909049102004615,0.9786590276332962,1.6229573020059898,0.13980952787648626,388.8774494709423,211.46572943773197
2018-08-09 22:00:00,22.49425053134119,0.3306606057256827,1.383176833593457,11.083369946916187,0.9123982618813126,1.1212914304589288,2.299122154063919,0.15846757512516862,364.58239438056785,201.2599057338742
2018-08-09 23:00:00,31.070504246395558,0.2781675632426174,1.3975323894141745,11.876530582006783,1.1698475997291302,0.8508303365112033,0.49931060935762284,0.20829201973583655,387.7056703049164,208.06222147852554
2018-08-10 00:00:00,21.241980018876898,0.17112279513671214,1.4392932175354645,11.635276678378297,1.1271709834385055,0.6324651627824631,4.667259331292589,0.07305704533906532,327.23090902697857,168.9826451146186
2018-08-10 01:00:00,29.047281641995824,0.27098291423859205,1.3330727516486685,11.451367339734189,0.9965580076263326,1.0224343237237168,1.0605355039999833,0.24313210564325138,380.70164128785837,204.57180443082396
2018-08-10 02:00:00,23.680236645219814,0.39982315465914875,1.4285163772490586,9.74238583480412,0.901726853119313,1.0138578646540128,0.312928988825941,0.20089015029315826,417.32907775511217,208.38715748920038
2018-08-10 03:00:00,25.839434210629648,0.4884700307737752,,8.364358290321828,0.7570630593603747,0.9143337107760489,1.115166021926706,0.07103169535532458,414.56731648959453,239.5128535589007
2018-08-10 04:00:00,,0.514844921793323,1.353036478550306,10.135572413731314,1.2556332889807509,0.8515249083789778,0.5667466818274176,0.1241046511278019,415.660185239289,224.75096772742197
2018-08-10 05:00:00,25.335090746974238,0.41958180783164883,1.3400905912278303,11.764111468030373,1.1065805020512853,1.0924421157162196,,0.1484693987550702,403.1922854287843,225.52794472330734
2018-08-10 06:00:00,30.785688577763683,0.3394879872829664,1.374326388276689,12.190872687173716,0.8727995612668347,0.7028533933145051,0.7697310012411129,0.15616797647869254,403.6088065370642,216.90107077471617
2018-08-10 07:00:00,24.456825734347625,0.17894800929855129,1.4076495033577336,11.329629802042707,1.1295279095724804,,0.85530493017922,0.2251722526628155,347.96273133846864,171.01858134369854
2018-08-10 08:00:00,28.49606960445346,0.3631334893235293,1.3761735263886739,10.952105859961357,0.9873597482965674,0.6983786986479144,0.3521924252027509,0.25195004988331265,368.3275463006541,207.43742804327584
2018-08-10 09:00:00,27.140756032986495,0.3667116887783479,1.4253346479074203,10.85408501907995,0.9483202891247783,0.9169945925271654,1.9501602649074705,0.24104260139141828,400.9368864613771,219.03994577467859
2018-08-10 10:00:00,29.955067480439723,0.2923416297552849,1.336464729298453,9.694501779171617,1.0783380750921285,0.6824213975781483,0.28261826417516495,0.24363489887164982,392.2017513039608,199.31777813276702
2018-08-10 11:00:00,34.05244608987137,0.3858836919476568,1.3796373315646182,10.170816194139755,0.8665303150157095,0.7631515638969513,0.294925659180386,0.21191943235670468,436.2667352992407,251.8638666259068
2018-08-10 12:00:00,30.988581458153753,0.26729742302255965,1.3424281966676064,12.296544333220677,0.9381238264881802,0.7588488875545605,1.113469440638161,0.3056811103684257,378.99614049208486,208.28266438423722
2018-08-10 13:00:00,23.224105678861353,0.2946379588536057,1.390908956478749,9.131101857271538,1.0218629915559183,0.8478783335332084,3.3852111113690264,0.16665690511958942,369.9228114674438,199.21255334445434
2018-08-10 14:00:00,20.46774702591927,0.26743624045425723,1.406606621702919,12.170164373221912,0.9100987852806616,0.6025251107192047,0.5824701504766642,0.18037324352470743,349.1951406198869,170.4921548788502
2018-08-10 15:00:00,23.933960664497377,0.31329953950840417,1.3673771461895683,9.81801125687512,1.1204353378481544,0.9174409984074534,1.5034035019610883,0.18412542398615125,368.99442951831344,192.20421726206555
2018-08-10 16:00:00,28.926168960503823,0.28922379452099317,1.301873584301186,11.768744173258117,1.3364319706620869,1.1494607301329356,2.1019439517753367,0.23127207875556632,379.6745641044717,223.42631943856622
2018-08-10 17:00:00,20.771387202263757,0.1613824248757973,1.3859684444038947,8.465601599891546,0.8642263361307143,0.9270982744633524,1.6654118367574364,0.16013201460784582,315.36343355811954,159.86375688301263
2018-08-10 18:00:00,27.445493708018546,0.19401380722666112,1.3931021565520052,10.834199436994744,0.700277446665272,1.2082642289602643,0.6045741146452025,0.06345885262091534,346.7123993167647,186.39962739050083
2018-08-10 19:00:00,28.952642733753336,0.29471879640869175,1.3921288426488507,9.226112736176871,0.639686769854273,1.166799637175385,0.2996663479382978,0.1194846925384408,395.8905253009894,213.91604349698747
2018-08-10 20:00:00,25.01365836225441,0.27896584501776545,1.4170734657546644,8.392832851617728,,1.055547009449571,0.10970763004102929,0.16056464505618073,372.46820183070554,187.10553448252264
2018-08-10 21:00:00,31.56368305618733,0.3322853012395627,1.3478683896105284,10.336110807322308,0.8806303737772871,0.9149371685273772,0.6314730584868308,0.2577147516005674,371.26988942830576,211.82870041332845
2018-08-10 22:00:00,21.59897379700658,0.22395735201376965,1.4004064831635135,11.269757733865742,1.0374148901920746,0.9045000776490879,2.3097402686349935,0.15040712818083526,340.31250296446876,180.04982401203495
2018-08-10 23:00:00,21.127066726037132,0.22966928294805058,1.4157752253743392,9.030793363839871,1.0238675809646982,1.052759954472652,0.29086590150241404,0.23152590291150438,303.37590345482704,174.4829861204527
2018-08-11 00:00:00,30.92283134305405,0.18580766165654922,1.3266423724798044,8.23404947524028,0.7114209676094627,0.8216658780991936,1.5023721787855782,,390.40144563663387,197.69357978741724
2018-08-11 01:00:00,27.432369743092977,0.26482383036796125,1.3895895547775692,9.912618094247582,0.6733209106933469,0.5234958497065072,0.34017985077507396,0.2611103489017693,363.1502322289165,190.82676780463387
2018-08-11 02:00:00,30.32603594641604,0.2628960062385325,1.3648746050697698,9.909693303908437,1.053267983262297,0.998400810820592,0.8801365328610782,0.15120967617146813,391.2529963951962,204.04972599324134
2018-08-11 03:00:00,26.522410079056193,0.31423309847390174,1.3775543198069504,10.666206344537954,1.0243771902495922,0.6737862740130057,1.5126588064713904,0.1383073437204786,382.3339004848718,203.9472198137849
2018-08-11 04:00:00,23.6960304985866,0.3819800030243605,1.39043029450615,11.143168523522812,0.9233527602940208,0.7075717543619231,0.44189214413807026,0.15582470427457,370.74410626387413,203.99609214249944
2018-08-11 05:00:00,32.286534765113,0.39771548812676344,1.3653831430765933,9.92961561153466,0.7017141546761851,0.9000447895991577,0.9326667354394883,0.19932209506515686,426.0043322841099,253.04647402713687
2018-08-11 06:00:00,31.991238184534687,0.37525031643222595,1.3597287576251516,12.226603977753115,1.0848504272976984,0.8809750244893061,0.5506115252284095,0.15610957324881125,452.54951474541286,234.88414876145157
2018-08-11 07:00:00,30.4204470628164,0.25781824082164573,1.3810245725246406,10.269995522504002,1.22894191817631,0.617584878736874,1.509064981873269,0.2589776559981273,400.73395902333704,202.03182780444845
2018-08-11 08:00:00,24.08217705844944,0.2552498797217999,1.3473826218341158,9.587943230677148,1.050036839239406,0.9330983128266281,0.9887061600166718,0.16051465469839266,369.53503511628867,177.39427149845656
2018-08-11 09:00:00,28.853460003036307,0.21102768364399327,1.3474252461334444,8.074341960549162,0.8474546996982883,,,0.0639564836886676,353.6459843043464,190.51156165588657
2018-08-11 10:00:00,25.414608454100403,0.19519426201445716,1.400381198488695,9.699424274061654,1.0080193898028071,0.6743316859468435,3.252329187768373,0.17677651567043962,352.709997598472,170.9322825972531
2018-08-11 11:00:00,21.373731099899512,0.18167325135009996,1.3455361789452402,9.619167476956163,0.7540994654319367,1.1544966661697518,1.4519855677938085,,314.38868535999006,169.58624903862085
2018-08-11 12:00:00,33.75970363193364,0.12377722996249041,1.3999893750272763,11.185234383328122,1.1904329284909827,0.5879658349740112,0.42978928261755456,0.08470540238557211,351.27752602386687,181.98564436332023
2018-08-11 13:00:00,22.052279463784423,0.01,1.3938777387856185,10.599703439032293,1.014731980215317,1.3234648288741906,0.7405063559180435,0.30988410918382614,264.5436998856931,147.76018913520986
2018-08-11 14:00:00,34.253560307312036,0.025088437823895512,1.328225798136282,8.643148641591436,0.6817317558844183,0.8177479139033034,0.747177535158205,0.2572078523326998,317.23029214193457,161.04067814947265
2018-08-11 15:00:00,26.690086594369337,0.1080322626306596,1.3596730604299303,10.280575220122417,0.9458786151201372,,0.8599715807230129,0.15907865235784494,308.00236562389705,168.93520900996143
2018-08-11 16:00:00,22.776993932579295,0.0427684202072625,1.4158232820914212,10.896990888001614,1.0833942718421616,0.521593285502866,7.759475933971295,0.16400334358749932,313.6819494197164,152.49347975118226
2018-08-11 17:00:00,28.12851421067537,0.10619247306281374,1.3505650340658095,11.943874530579414,0.940051428224406,0.8875727867061383,1.1169738982921158,0.16735395883532758,328.48141237517183,164.9792825217903
2018-08-11 18:00:00,33.09418753814612,0.30135620508884675,1.3660678721307182,11.196119156494035,0.9503387701407687,0.9456964355436384,0.12803445592042226,0.18205137172238353,409.0506616483892,217.19279212851978
2018-08-11 19:00:00,30.98337329614342,0.36779386798237185,1.3938618267975569,11.066795596462358,0.7796076027314911,0.8827675791801011,0.49082745626026925,0.22096660196300727,447.1299727654582,226.36515834465814
2018-08-11 20:00:00,32.09841721792175,0.4639390283173026,1.4035017152784777,10.250328835882216,1.1019773776746982,0.7873837845895253,0.14053785019821846,0.14223329107574,454.8465560271809,254.68245192237958
2018-08-11 21:00:00,29.88175050066076,0.4310475499767299,1.3724538334186651,10.67041944877373,0.8832755439965553,0.710687096294437,0.5945431504923405,,444.14301849435236,229.46758005921325
2018-08-11 22:00:00,30.384148467767787,0.47013407082262665,1.3620746941592508,11.731835705217474,0.6118398321390941,1.126105323907462,0.1337580433165515,0.24186257183814802,482.90116268811744,262.51490417368024
2018-08-11 23:00:00,32.73793477347979,0.3461766711384156,1.4226710958509552,8.662838587246203,0.9331736732793291,0.90616142699959,0.3651032914076746,0.260725185886997,439.6069845906092,238.1450438756548
2018-08-12 00:00:00,23.745020132887788,0.26577644843513215,1.4321669899139273,9.874333709568731,1.1766069488026636,1.2081504753033545,0.20356031537098643,0.19074614754685965,364.4178934609209,185.14603483237477
2018-08-12 01:00:00,27.34137445464711,0.0419122974135947,1.4093657415234537,9.399806047896607,0.9303526996120095,0.7947035290410154,1.1304328459090016,0.26363061674784777,300.97295607045027,151.81945693623868
2018-08-12 02:00:00,23.318141627294033,0.19923024611290022,1.3825595442769507,10.816828017755892,1.3128372973222335,0.8130410613255566,0.8003884353635486,0.2147552255199248,337.4179637670878,171.81370820538467
2018-08-12 03:00:00,34.81502011994971,0.33768709066462105,1.355752028350772,11.874784051797734,1.0772142307387331,1.0631188489192327,1.0507692609825674,0.21750628612156678,414.89678667585787,248.3911816914817
2018-08-12 04:00:00,34.160890095299195,0.26712678383745314,1.355086667803303,9.720527728533984,1.060976469210466,0.5754050075992871,0.7281561216029259,0.1465174070417135,407.1210689322116,217.78316210191053
2018-08-12 05:00:00,20.591402170527587,0.2416726121744384,1.3956754231579727,7.608605638322035,0.9768883121348304,0.6573073279694154,0.2280907902363939,0.10009454664090048,322.03263761272024,150.63578320145928
2018-08-12 06:00:00,30.58362758773533,0.18386185942682995,,10.02406236011503,0.9877084826024277,1.1194969942706328,,0.17334904637171325,362.3355691267759,193.72019873247052
2018-08-12 07:00:00,33.87872476123499,0.2343155857169803,1.4220479577883929,11.658321756200985,0.9525837456784892,0.665613214155361,4.512532622195627,0.1493930180105848,425.88813825793494,217.2550248661828
2018-08-12 08:00:00,22.708630176910003,0.32901551362614545,1.399513502776084,11.252391605744856,0.9455915094251452,0.5361897969394904,1.1562104102004716,0.11040642555608823,351.5348815669342,179.90851468092313
2018-08-12 09:00:00,28.519178458289442,0.16588910162781856,1.3349075909472055,11.167784352242485,1.0955560891720868,1.2737054376146182,0.5452691839774818,0.09965285481203112,359.817124914095,181.126515879649
2018-08-12 10:00:00,33.73232446382063,0.22387745359085318,1.4115584285316873,10.366322480597061,0.8315503786376982,0.621236470425159,0.22126282961626445,0.17372889719026394,398.5486587208265,203.47318807740987
2018-08-12 11:00:00,20.50918967878698,0.2095804757760656,1.3500581811805674,9.217444873699886,0.8063391108296333,0.936823879665634,0.35331197693834854,0.1384950666419417,311.30301195078863,158.09749355971854
2018-08-12 12:00:00,30.461304008702598,0.23077788440058106,1.3684808618414293,11.422200763242731,0.797824890842432,0.9138170385448543,1.2027277950383441,0.1480377440890352,376.4147292044205,193.95634089948473
2018-08-12 13:00:00,24.46023511058826,0.27326403921435005,1.3875060061875508,9.855858023745775,1.3682178185818876,0.3378743366763832,2.101523741498727,0.16172431147064695,373.5150503736129,196.3717421536998
2018-08-12 14:00:00,,0.25122863234821935,1.4398700246935188,13.532627503117986,1.0954617223007044,0.8465365953664382,1.0117039675975994,0.05399365372177024,432.2109522547721,222.49598545186626
2018-08-12 15:00:00,34.56587367748052,0.2425730943712911,1.4732975566801607,11.652585242352878,1.054808596302426,0.989682649895822,1.6433798568155389,0.016128607910651058,414.7075900756225,226.12195177278682
2018-08-12 16:00:00,34.16399733670151,0.22769115265553264,1.3982016917740854,10.328996601605008,0.8096473593471823,0.9708618763037722,1.5125044730551316,0.10185383810124439,399.413083094497,209.33467822575528
2018-08-12 17:00:00,27.113213249861957,0.31200910300193535,1.3745041014383883,10.35142543739969,1.1122016141214692,1.0807041367607004,1.2620500226507503,0.0888905411915848,383.94787260725303,209.45750086060326
2018-08-12 18:00:00,32.930639764839704,0.32690716891155447,1.3960351694544164,11.034364985814014,0.9790171576384008,0.8225017370189132,0.4422987204538324,0.18873781939177597,443.86409702947225,225.82557013419463
2018-08-12 19:00:00,32.668240978026056,0.321481701257077,1.406629662776215,10.920784633290143,1.038550409403715,1.0425008884184321,0.9355577621084205,0.24325111789009823,413.5981019229309,221.59912118342544
2018-08-12 20:00:00,24.786507098648833,0.19836105319257127,1.370379971233284,12.61213600899561,0.8242083431445599,0.7621341863839857,0.37281104300751855,0.26110079071538517,337.510461018145,168.38126801242947
2018-08-12 21:00:00,32.43373211226016,0.18356635777774755,1.4338563406773694,11.56082363495102,1.0288483943351638,0.617906516717445,0.8126477837285294,0.33784678166798693,393.92223030717656,198.68177628274069
2018-08-12 22:00:00,20.55511452073239,0.2753899832715572,1.3869021227757419,10.5257752545959,0.923709963122833,0.6404543248637535,1.0774893151861165,0.2697227093362012,340.54935243067035,179.9745150756022
2018-08-12 23:00:00,28.944048177230798,0.2707887141400039,1.3949322926727417,13.740271340850304,0.8621899917345662,0.607577908960917,3.6246650184525993,0.27276654115595106,414.2546168927789,211.82585345773506
2018-08-13 00:00:00,23.450132559315545,0.3173146174651338,1.3999777275616336,11.600301044959894,1.1321391404453047,1.1019171935782388,0.246128301488196,0.20059586609780877,351.20325071777376,201.16684596239017
2018-08-13 01:00:00,21.80850328665918,0.43844117625180434,1.3926475983184337,12.53448540144764,0.7232125944645995,0.5970852981882887,1.23394125200942,0.3394997144308087,393.28338614213135,207.92378684566893
2018-08-13 02:00:00,21.154298024438138,0.46499730891296837,1.4051682150140883,10.954089389034381,1.1016597275765472,0.9548077681298607,3.0342654872844874,0.39471784780464636,422.053809218898,219.2665792185634
2018-08-13 03:00:00,30.444331638172095,0.40795078325505724,1.3614824044035923,12.193098066174137,1.1232075040395393,0.8468151611855135,1.5837879871546354,0.3095435347538554,426.6372174520211,247.42698683220397
2018-08-13 04:00:00,25.098124456520992,0.3196864146628819,1.363250947381619,12.205381766617839,0.8416641384007767,0.8794702853098737,1.6930088782461976,0.28092129464662474,378.12104722826706,211.68910744176384
2018-08-13 05:00:00,30.87150157293142,0.09449652257954544,1.346995373010849,9.640430689109625,0.8523408769961559,1.17272145903994,1.3576861090930554,0.3221106327498632,333.9930421464141,183.32557542606182
2018-08-13 06:00:00,20.980345111984136,0.12767677200785363,1.3931850369186067,14.403546494399613,0.9598553773720476,0.8123145265569454,2.5737332967353397,0.2564380093610715,306.478655631837,156.86464719187518
2018-08-13 07:00:00,24.729355067459153,0.1382927407401496,1.4033680951053633,13.612419179164002,1.0507665178831997,1.0223203123099367,0.3006303317840037,0.1864653613686606,319.0494738219276,168.53408081766455
2018-08-13 08:00:00,28.092369385630057,0.2030342140697348,1.3937331859845565,,0.9724861014734394,0.9075126702762224,0.22981571032683099,,353.9017980021822,186.623829546735
2018-08-13 09:00:00,,0.20481153169083935,1.430234773000426,10.901353965153943,1.0780412428345383,0.8695962188734605,0.795452393511019,0.21849751589398578,378.0035471942704,199.43617424769772
2018-08-13 10:00:00,24.781287543981048,0.192737267428644,1.3798321194351284,12.723105084610303,1.317336337456732,1.3599938248772947,0.11438452907628201,0.2140781765151071,353.1516189386085,186.40053893579397
2018-08-13 11:00:00,29.38837064655514,0.06756417275947316,1.4000622496677753,12.493147100384988,0.9086109815530515,0.6117316508569262,2.421622263616217,0.15039062532498632,349.39734101852105,168.3893440725317
2018-08-13 12:00:00,33.28966622354281,0.047097494599625894,1.3472489737158204,12.900091224521033,0.6912676052733844,1.1578263670874889,2.400075330648896,0.05917404629318801,327.93482475602934,184.3653479367917
2018-08-13 13:00:00,29.23794782273457,0.14610032948378274,1.368387008925768,12.788434257326623,1.1486662449455176,1.0312813130979945,0.5416371043879671,0.12167297236865887,345.03134735383463,188.9530688025455
2018-08-13 14:00:00,23.494392121304507,0.3145428411292635,1.4008661327269731,13.252331766342634,1.3029966236669552,0.8040950010736432,0.5730186078804859,0.1993015059108473,380.4539769274934,193.8353473131904
2018-08-13 15:00:00,20.36601172334807,0.2873779580908346,1.4054730633222943,14.468932629180003,1.0706983053492023,1.2258637034883224,0.7495694687452266,0.1780324986019459,367.1261877220086,181.96503793647372
2018-08-13 16:00:00,33.05148310851395,0.3023894565495141,1.3711809915700743,13.502208260755156,0.8042052384363397,0.5303779775222927,0.8383455053492324,0.26500527033469956,427.9021740705236,223.11334935611964
2018-08-13 17:00:00,20.319041162755806,0.36287087214088426,1.3778520224442579,11.650184951847752,0.9776993746176639,0.7956466685401857,0.8970111164858198,0.18876818267588708,363.3434381259543,196.29318150817735
2018-08-13 18:00:00,33.12052509026299,0.264138095602599,1.3344637875995755,14.635075423254943,0.7986657728419062,0.6583035591461848,1.3221581252125998,0.12197864230757705,416.21000287471975,212.8064448847788
2018-08-13 19:00:00,27.934057010408182,0.2892417903846547,1.3692891239758016,15.059879754707916,1.1157139889133305,0.982416692974292,0.6848829926075508,0.14115336695277836,395.90052926931384,212.13152279543795
2018-08-13 20:00:00,34.086015477693444,0.21823004476268562,1.4067114949055934,16.965638704699163,0.7567677275142818,0.6773871797625645,1.8696110635277645,0.15173646565058957,397.0371559252426,222.09817869567084
2018-08-13 21:00:00,31.981748536604982,0.29694698641316086,1.3972561504831968,11.927864161675203,0.945976818370924,0.9866127893482639,1.1950756013358794,0.2092400032704671,412.5528880048537,225.7123866110506
2018-08-13 22:00:00,34.96901165800006,0.2949751343253512,1.3950199716414362,13.66123153504586,0.8192191912670969,0.8627127168356892,0.46328602428444315,0.15104623251844118,446.2325098624282,231.87443411671987
2018-08-13 23:00:00,25.260677231775652,0.305358739146261,1.3814932106154287,10.965771985729008,1.0228284433242931,0.8041292114687831,2.6603504166753624,0.2447133937199586,376.0578308044557,195.9680384210387
2018-08-14 00:00:00,31.5078243339669,0.22614322960889555,1.380211894758845,14.223359129200253,0.9340584981152036,0.9777294492066622,0.23561059950081403,0.3368430539824704,382.0197077249356,194.09694656120328
2018-08-14 01:00:00,26.028963704138633,0.28986284949508967,1.3601903658157966,12.997772871264226,1.0318171785850474,0.8462756752123872,0.7363182998991645,0.2717571907713817,646.3196425863767,385.4657741661797
2018-08-14 02:00:00,27.198134304558632,0.4446810283450441,1.4009648526060758,16.06049539329446,1.004023099893946,0.6822730313881923,1.9099596375332597,0.3100369396738881,404.85787542713507,237.70601365797103
2018-08-14 03:00:00,29.41258194827555,0.30564378420727434,1.3926291883316815,12.920254338705904,0.8224013750096602,1.4602745979269958,0.417316920042547,0.19463233956681725,396.48599096297005,230.91221397063447
2018-08-14 04:00:00,33.10515671279508,0.26176992833329016,1.3947605654397839,11.920859494485272,1.1128378714352238,0.8025665633941711,1.057023068101466,0.2532926962110053,407.54933856013383,216.40183064899338
2018-08-14 05:00:00,34.76125203798943,0.27676754776675044,1.3642189547199726,13.481074584414028,0.9912221826682392,0.45647818396959705,1.304555129844026,0.28681220224017095,410.8005720422201,217.59536563354212
2018-08-14 06:00:00,31.524101207967774,0.33164978039639065,1.3153997124038626,11.775312708289736,0.822064778584138,0.7315802620557224,0.36875786877780603,0.2958935581554953,390.12977740189825,213.2678108352946
2018-08-14 07:00:00,26.266501732510008,0.26239114345431597,1.4129145813526107,15.147089117072351,1.4033667801170426,0.646544662325454,0.7494816093623683,0.24860234956107954,368.7540432807603,201.89379926602552
2018-08-14 08:00:00,26.32035503415605,0.032031377206601985,1.3656348763197477,11.868076209590413,1.0857574300090824,1.0652291232081033,0.6948932804602254,0.04390647326212585,304.47647578429,156.54897056778873
2018-08-14 09:00:00,31.06373452383337,0.2061571235777434,1.3541167270787062,14.481234826804654,0.972413100388125,0.9643305319183172,0.4868945943835356,0.059840255338147755,397.8275311730019,202.99971457774268
2018-08-14 10:00:00,23.581657186524534,0.2801504760711518,1.4008043673574198,12.055094442574537,1.2547368148063283,0.9797425603580688,6.349422192970595,0.07034919214181254,396.11834385433576,205.01421402825926
2018-08-14 11:00:00,21.65711169697092,0.13166953081087301,1.3682396208024261,14.265936308492835,1.3315268096895894,0.8259955068325512,0.4025486703074934,0.05551421900145888,297.07885085190986,150.4515170151536
2018-08-14 12:00:00,25.319332364611647,0.11856316822524665,1.4117980915213986,16.724583642058874,0.9738371039835007,0.8441299505886157,1.976433016744197,0.11264311167369931,348.0044045735586,171.89057928064824
2018-08-14 13:00:00,24.308584874811224,0.28344881211985873,,15.287923497463668,1.062531547558257,0.8258137792784663,0.5617690444395795,0.11444806027294552,359.01783971993376,202.07225304921096
2018-08-14 14:00:00,24.44462180683985,0.3892378819605304,1.4005070796960142,13.921918608040494,0.8221594927594706,0.8837613631729061,0.3008582301666197,0.09119211557786598,386.2282434651482,217.09902771260158
2018-08-14 15:00:00,23.50411626574865,0.42255771918668683,1.3390213286639838,15.023949023031705,0.9735053048617579,1.067066687072967,0.8775593132539571,0.0631872604518504,391.13391364101426,208.67252473486246
2018-08-14 16:00:00,20.63139784454543,0.3567014087138917,1.4163583195615919,15.186581640692928,0.9641687403232234,0.9672150825010694,1.4348215622769465,,382.7649299835157,198.60106578827268
2018-08-14 17:00:00,20.26810902100121,0.331329979604725,1.3878375159370155,15.8359403545812,1.0332688660518978,1.0000225659241733,1.8318292655434574,0.1794788989961936,377.95885196231194,197.00553568771795
2018-08-14 18:00:00,,0.2964569213132173,1.3689216858226139,13.73259918445708,1.0598968861546618,0.9999117816498406,3.263809424434074,0.14002583612006653,432.4128330821181,236.31553120190924
2018-08-14 19:00:00,26.416597006037936,0.37277902758075915,1.3843016540202675,16.188146272130854,1.1007691207890509,1.0768884874763476,11.331405399033228,0.12511917928604357,429.2815330589158,226.4600291614114
2018-08-14 20:00:00,,0.26587792678692257,1.3267129430130502,12.336191199611918,1.0427756781339927,0.9576300083080509,1.00232192356485,0.11966965067023137,366.76019312156075,191.28683457045133
2018-08-14 21:00:00,30.194709240396048,0.1966505763601094,1.39225958434442,14.930122799705758,0.7820663272067504,0.9717696145357838,0.4404640240055902,0.16414140123070398,377.99398464265585,193.93199582574056
2018-08-14 22:00:00,23.273808317975963,0.2934773703989578,,15.20467440884315,0.8310759209666048,1.1377612482386312,1.2025488463056613,0.19785981005013434,380.6681854317465,194.1719446004059
2018-08-14 23:00:00,34.249417759253376,0.27688524283834554,1.339419891424694,16.65527775266179,0.9016466284965389,0.7669908163993776,0.6295593135399133,0.01,397.36643574271216,220.90789860066292
2018-08-15 00:00:00,31.795175216233282,0.3790970584231465,1.3343292244134632,16.02715702321224,0.9491966934538189,0.7288514840096986,1.840847319870198,0.13812000903495103,441.7834824010647,239.74392136411464
2018-08-15 01:00:00,21.341165034683893,0.2866469643377589,1.4133806512496976,14.41803877399617,1.1891393722849803,0.6628156801626288,0.24892804055396256,0.24105408747559587,337.64377216663775,179.47252449651268
2018-08-15 02:00:00,26.263711636773927,0.2712706062093252,1.3611220981892163,15.027405229234594,0.7906709823664757,0.9365829127240513,6.742006202874205,0.15362126024365735,390.6368212213646,206.21612666706787
2018-08-15 03:00:00,33.18677461343247,0.19109638555901137,1.4260118312974948,16.552431748914547,0.935665291329274,0.5292535517561754,1.7285790869141184,0.10583486146210433,391.7465932910756,203.54245947313325
2018-08-15 04:00:00,34.17098033437115,0.20935648440519333,1.363925956108431,16.323658032227275,1.171541709678529,,0.1757404361140574,0.1084857136105663,389.9819694800882,201.92996600944966
2018-08-15 05:00:00,27.011022668748048,0.10326578412373143,1.3287792612722116,15.82798552492306,0.9460220545906098,0.8781613810998895,0.4226251921069432,0.0917311869989435,312.75196340682317,165.3606760621845
2018-08-15 06:00:00,29.201170838160614,0.10827537521021499,1.3465042668015401,16.050170232191544,1.0828748169717084,1.1269279399642114,1.66750648588842,0.1404743246361625,323.9901129922861,169.03094255697948
2018-08-15 07:00:00,22.50550919138113,0.03589245345290107,1.417074348600208,17.566617657022025,0.9748824322729773,0.7656165379070019,2.3061191711479943,,283.8943317429554,150.91521255903993
2018-08-15 08:00:00,34.86752939205465,0.1556385760723314,1.3753230546619,16.213807518317342,1.0462209863184502,0.8593363429164986,0.2545756046421649,0.028620190077894986,373.87037078074775,202.4004628475894
2018-08-15 09:00:00,23.475075520751652,0.24127415043140413,1.363551381105282,16.8328972974065,0.9588749421142827,1.1244406666586737,1.519801469376629,0.18152394605723143,351.8782743464833,187.25666730444885
2018-08-15 10:00:00,34.14097661202688,0.1054708868632353,1.3848005467755835,19.645812971698227,1.1200717850911037,1.1766271293556305,0.13865735837992693,0.12522116959345778,353.4311268944667,199.6247272045972
2018-08-15 11:00:00,29.74469973488553,0.25554048044431055,1.3950534820850262,15.436434807998548,0.7218898466668418,0.763969526849636,0.7381960566554507,,409.9153815938517,214.1489246476862
2018-08-15 12:00:00,29.116051923182887,0.45367154642460567,1.4135219644770738,15.025258867016968,0.9346038384900619,0.936356246517432,2.176457612136017,0.22636333080075832,441.87723162763695,234.7677438501095
2018-08-15 13:00:00,27.69032766524763,0.39625059343613117,1.4234549768967877,18.290013923821512,,0.9588837955368097,0.48699193899563814,0.0992619356051595,448.09815335120174,234.10919577810586
2018-08-15 14:00:00,23.46004717576638,0.30108627458732024,1.3692069406263274,16.63715970004507,1.0960651446411147,0.9747306811242297,0.20610415719172517,0.16967691307606808,386.20033135177823,180.34863124579206
2018-08-15 15:00:00,22.647920480082625,0.5117068394913679,1.3402185694175388,17.171029237323964,1.268731472095689,0.8474848681368756,0.9125154751740853,0.16674610971406967,394.8338819409997,230.1764374652028
2018-08-15 16:00:00,23.30729313605263,0.3276773077797566,1.3675960451663016,16.716436481144655,0.9296155599641962,1.156276679624727,0.46422286420286796,0.14471964245345736,374.94876017427976,203.43295958642094
2018-08-15 17:00:00,22.796573932163817,0.30598263279535753,1.3878084151974865,17.442470059415395,1.2663067171349571,0.522059303275691,1.409815688041969,0.17352921106239463,371.6360027771769,181.0737273937829
2018-08-15 18:00:00,31.6937671035013,0.30355762476730414,1.3510872322136815,19.772347700765277,0.8813757112012593,0.8157739530397832,0.3606175356479831,0.2045955357714443,374.4447972723352,236.4716339249099
2018-08-15 19:00:00,25.25187888750095,0.39510214697330603,1.3512854725531487,18.91596307708468,1.239156354078036,0.9895861465545894,0.39911058224703977,0.23721283078134373,387.6625970089492,225.46375497812303
2018-08-15 20:00:00,20.867640148450946,0.3803506208914573,1.3903136364464965,19.086789074218377,1.1471440828057071,0.9914449623898687,0.1297629908094105,0.28502286932168636,388.2242611815609,199.729391434929
2018-08-15 21:00:00,34.536539452112166,0.301354722960944,1.3785404294528865,16.450735230320614,0.8355774556661999,1.1705518061229525,0.9322135950015465,0.26750187635971323,462.0318214567431,252.38715472818055
2018-08-15 22:00:00,33.25678827445138,0.20985355644162432,1.3809839098623475,16.86625507663201,1.055267062705328,1.1396450786402574,0.6921462541533381,0.14996308048864623,404.7997251193484,206.0118500146141
2018-08-15 23:00:00,33.916284247928196,0.19455174388944618,1.3572451399589978,,0.9907775496042055,0.8428916749385553,0.2745313669998608,0.13355912083411628,385.08167662480395,195.55733676532066
2018-08-16 00:00:00,34.92361733969653,0.1306320318470008,1.3730879785738268,17.469162873155486,1.1126052268615,1.1599742487061209,0.9524432927503299,0.32871837261658704,374.84027315131686,194.16532106742565
2018-08-16 01:00:00,22.60842873829231,0.17026844787567522,1.3522730056719507,19.68375339410699,0.9598111140820043,0.757191651244509,2.016210418998114,0.31270048719285587,361.5211490700198,183.573616406873
2018-08-16 02:00:00,25.943630283539882,0.14905221912413374,1.4067059523337435,19.250562699632507,0.9446956793808883,1.0861774765583676,0.658918977035461,0.40177753036440333,373.36940214780515,188.0517486178488
2018-08-16 03:00:00,31.37357713556137,0.05981352992371358,1.4110574800417124,18.458127082894723,1.2464370248973133,1.2621044956841987,1.0183734560193063,0.3967925631505931,337.45485828283717,191.79261375979857
2018-08-16 04:00:00,30.440309270806885,0.21728113401659183,1.3246143641328572,18.790069036253684,0.9822302389979789,1.1429888213709938,1.0230993241502677,0.3245836621837007,355.1931693828969,211.75898377908428
2018-08-16 05:00:00,22.308438595097826,0.18728299193729114,1.3521146741942276,18.082195070387534,1.148756018354518,0.9211540767048246,0.27061979984177276,0.2848346214970875,306.2751928744593,174.88304933856185
2018-08-16 06:00:00,32.23749687485927,0.10464714995807879,1.3351041223472975,19.245710658882153,0.959436732692044,0.8336442456455756,5.092575462261972,0.24070597050564174,385.7286777843322,194.70598924968644
2018-08-16 07:00:00,23.36660857754991,0.1347922742116518,1.360499281967793,20.009282384837068,1.299999386660954,0.5942817407481428,0.5236622317369252,0.11215530535259507,330.8815303898579,165.6495130909174
2018-08-16 08:00:00,23.357264222339346,0.174824317225569,1.377496860906289,17.240451440506664,0.8778997667196112,0.9621079275828408,1.4439191236652602,0.1403760183596505,343.1842042158567,178.66241715967462
2018-08-16 09:00:00,28.054616343401204,0.05765968401157562,1.336510643409044,19.627411435494974,0.8894541643755067,0.6769565544058161,1.5986350928238473,0.22886608416832213,307.1144124670629,162.46844226533273
2018-08-16 10:00:00,28.894099022625547,0.14189359217816397,1.3523442056062405,20.47407926597009,1.2744130926008626,0.7413730672772126,0.7055489224566275,0.17334125081172105,348.5378220555531,184.95202354021154
2018-08-16 11:00:00,28.701293117567168,0.09055290902949362,1.349881278837555,18.943338271350235,,0.6618508398526657,1.3812266362924333,0.20072193043074119,335.84260412383816,172.895114248117
2018-08-16 12:00:00,21.37230256096632,0.27526934105590856,1.3862180198819682,20.367552248299532,1.2881933751095906,0.807921533468669,0.9980955640643351,0.24352862101203654,367.9310914116773,192.24364857079055
2018-08-16 13:00:00,33.1619129394557,0.3096053797052748,1.3820803301110873,22.988475472279347,1.1605313043270664,0.8944061171026035,0.22334908390173147,0.16353634624847338,429.07213782781713,231.07784413793897
2018-08-16 14:00:00,23.98400063883059,0.259731766584947,1.3583478733998824,19.568757500369685,0.97216305281905,0.9547229162331411,0.5932205762575997,0.14304363588846417,351.0431996207636,186.78558353600334
2018-08-16 15:00:00,21.94272381924206,0.19719881498407485,1.385304626164182,20.24789080630541,0.6736071750369115,0.7798986729172074,0.46096214080142023,0.09675149210444897,334.9279858511537,181.4496840708314
2018-08-16 16:00:00,33.331221198034655,0.2046417538837625,1.363599597462382,18.971057157725557,0.9965227052310696,1.1138567412790366,0.5279709115653756,0.08072095886130498,408.88638444001384,212.77635113571264
2018-08-16 17:00:00,34.3347724734463,0.26727248704529694,1.3718503466902183,20.15385556906551,1.0182934096360163,0.8583589484020069,0.2474005956549514,,422.9799641021563,230.51665965081963
2018-08-16 18:00:00,,0.2600512106448919,1.430203562708956,20.567109588131913,,0.7424555133468962,2.2048220302953117,0.04387884729587799,437.98712641532467,225.26542393096688
2018-08-16 19:00:00,32.14274112087317,0.2396631428804758,1.4202138315537103,20.32580096869915,1.28592049172322,0.9452584534486873,3.3826175668347362,0.18349464922539713,408.78753378648577,223.56466844268184
2018-08-16 20:00:00,29.828629709585325,0.24743382328176472,1.341012562892172,18.944315839103346,0.8767023077541254,1.2927105667087633,1.9291107145842172,0.12716816778982074,354.5644590147143,215.96932870091504
2018-08-16 21:00:00,28.26286055913709,0.19989496179827893,1.404891972536375,20.490274812709824,1.144212717517873,0.9670321133070235,2.510125496296271,0.15588845381753386,377.2927040277966,205.67449572357623
2018-08-16 22:00:00,21.304801398671152,0.18746999911135223,1.4043418966347476,22.07067392849307,1.1377723880824029,0.8274288745252786,0.586657030743748,0.13536094707026297,331.33639361741064,173.08513956292705
2018-08-16 23:00:00,26.12679819606048,0.03936560426554625,1.3455521013374214,20.926485127132448,1.1932142864338802,0.5945077287762592,0.451231529151239,0.22394852446437413,317.2265009503375,159.09675866524398
2018-08-17 00:00:00,25.59032775518471,0.1804540214540718,1.4045633293126456,21.613253579750562,1.089764184184398,0.8561175358055859,0.3969790011809008,0.28503885247484145,398.62272739849027,188.38893366542607
2018-08-17 01:00:00,23.896306756404893,0.22522163744359122,1.4261379575523765,20.24384311732148,0.6503504156268815,0.9469856250176232,,0.29486751041324166,381.0176269427279,208.4785229072194
2018-08-17 02:00:00,30.851301705328773,0.17077867868783944,1.3463236558126674,21.496146946022314,0.9720239621450033,0.822483821748886,0.9813885685641781,0.26728857943411033,412.5662892136731,201.43282129316006
2018-08-17 03:00:00,27.43813602618156,0.3464438735899067,1.352474915369572,20.997997174601643,0.7919726365149553,0.5669230723518001,0.7462884496729434,0.21850957545001226,421.42110374658705,205.69890801062783
2018-08-17 04:00:00,21.21569323861472,0.3244720299443256,1.410529844005305,19.58697164601565,0.9635309608747467,0.7298869220993133,2.566364070065196,0.13159326301853236,372.91864747362314,205.17747495595566
2018-08-17 05:00:00,23.30274802924717,0.2192389352030122,1.3881448593247694,21.174038266042402,1.1764007625041009,1.1909076921775514,1.151774350884982,0.26756769067845126,365.1592853846041,189.144413890957
2018-08-17 06:00:00,30.24888145489394,0.2970062483597452,1.3965442882571857,19.664065970121303,1.054927150457495,1.1868002007460923,0.3760867571590838,0.18696023334191755,435.8076466639533,230.12967633572848
2018-08-17 07:00:00,21.141962892354503,0.3147482311725627,1.3902176764920149,20.1554559358722,1.206656355951538,0.7226721661590804,0.4334575126773533,0.22399492082712102,392.39168365903737,188.24416638225563
2018-08-17 08:00:00,32.76810371073153,0.32689016065953147,1.3917208776278442,21.201419404081097,1.061515705728437,1.0345513574398844,1.4779417612794614,0.26997088685367643,434.81104512501736,261.98240170827
2018-08-17 09:00:00,27.427197905209617,0.2697626640895448,1.3402058361506675,21.388716535728687,0.7663013308595975,0.6642854430459653,2.042993258600304,0.20066570229788608,400.5112839737679,217.008561277397
2018-08-17 10:00:00,27.20879865989972,0.2998735227649241,1.4114195311986433,19.661209618846,0.5462475388169078,1.1808632563989905,1.3143847135843485,0.25468017301768936,390.09389418493214,225.27617887039148
2018-08-17 11:00:00,28.886116769892766,0.26397080271775936,1.415087699772833,22.40778672963212,1.0267855771023262,0.9490471695788473,4.410801071243527,0.27066089601094495,428.22957847873425,228.07556585487097
2018-08-17 12:00:00,32.37021448887724,0.30425487803409895,1.3731182776779591,21.882559956667208,0.9614932360567903,1.0899282997233068,3.484633584170041,0.33807436772947286,464.2081609779378,250.17924186429818
2018-08-17 13:00:00,25.217138118532894,0.13558285830301814,1.3786956915055841,20.402044120103316,0.8241497669112612,0.5569813305634922,1.1898041337052971,0.24668383265208105,344.44983289175366,176.71399762279495
2018-08-17 14:00:00,30.170242288385953,0.1351981237737776,1.3340667749233281,19.45258380141455,0.693887095062752,1.0355274203849776,0.37611281344064795,0.14285845855446572,347.5107386869169,189.5391635517179
2018-08-17 15:00:00,,0.3074110944662999,1.395427642680535,21.172153650232495,0.8677462215749123,0.8984651872630993,0.2460717025172025,0.12738568980600876,411.4747596103518,214.39561743088845
2018-08-17 16:00:00,24.005424052541322,0.22882236969438585,1.3971617232514242,20.85763182116161,0.9649915327243404,1.0703858141581686,0.5645156783951455,0.16096262643566517,367.2688241413031,190.60925637043164
2018-08-17 17:00:00,33.17944979532737,0.18686859498661518,1.3781342694900205,21.573615270683526,1.1198580082671503,1.08297355961957,1.575777104786469,0.1720703394865025,399.99553394255787,218.91152581427792
2018-08-17 18:00:00,31.961390324103924,0.16997110941463262,1.413730600796115,21.045532752468922,1.0339535946822365,0.9131569378949499,4.14059219577988,0.15163592991542846,400.0568229323501,221.0389451113428
2018-08-17 19:00:00,29.876777519876384,0.09679528571915139,1.3699776830706016,19.114080887820634,1.2894521044910912,0.779834072180817,1.1648109272674543,0.048429710410622495,347.9945728836114,181.72210318670682
2018-08-17 20:00:00,32.758725936413626,0.01,1.396938177776808,21.097086801439332,0.8135912699118291,1.0559392364358988,2.290355311736431,0.12928680601411988,354.18672150474424,177.0583269031892
2018-08-17 21:00:00,33.00941301439703,0.032819054651713045,1.3494100698392364,21.23473962570123,1.158590600570338,0.8879691001189745,0.6415165547903278,0.26791275235340395,346.74095836422714,178.61647763077863
2018-08-17 22:00:00,30.62544465072552,0.10884209218273169,1.3792934354737727,22.398548954444315,1.008513773763171,0.7254430092944715,1.4012275325184993,0.2606027256994226,349.68403798883105,186.45121708182376
2018-08-17 23:00:00,32.555199925455085,0.14698905904482004,1.3747693722629148,20.835271844062643,1.1250404423413451,0.7159695537084628,1.6784614919209186,0.26490976656286436,367.7929871715578,205.1460164457403
2018-08-18 00:00:00,30.462071925039254,0.1663020563755431,1.386759237661228,,0.9214273246122021,0.6045671167375237,0.134690139779998,0.2652925783070247,371.2751697753517,206.33510918152186
2018-08-18 01:00:00,30.202111576404505,0.19485470913091119,1.3689141921349992,19.4438598749961,1.1929024673003061,0.7979417680873874,0.551431048520485,0.2549983471771588,387.22849632765224,197.8260330195954
2018-08-18 02:00:00,,0.2932256141156989,1.3760558221298498,23.34097117299306,1.0531404565021436,1.1205384092148756,1.8805923265565232,0.28089896631838096,420.4644557145997,238.220791091594
2018-08-18 03:00:00,31.290749593364616,0.2650222350066519,1.4047814151432452,21.526372192680686,0.8776999027148051,0.9355659599410868,1.0241653116630636,0.26426180066216853,405.769748954701,223.50162788787264
2018-08-18 04:00:00,22.379076579396106,0.21458895833767477,1.3668970728828533,22.853276204468244,0.9978356747956262,0.7940464588153919,0.2725298595231725,0.21179645021810456,352.158951825365,180.0063395698457
2018-08-18 05:00:00,33.21306138798393,0.20272223204532544,1.3318026869778394,21.941982169581888,0.956879945391322,1.060971187636016,0.0897925122678123,0.15131853553033747,385.6053910430149,212.65316579132153
2018-08-18 06:00:00,33.07765291617848,0.26325330321226986,1.4324875171261624,23.2363522476334,1.088052103114803,0.7335046756553223,0.5755977447362205,0.14785270200136197,439.30399535053954,229.20331845286566
2018-08-18 07:00:00,20.43870924551839,0.37223946253204887,1.4214436223607145,21.42492874322261,0.7876401851125885,0.9190700548665557,0.7500835528035117,0.17955939098785711,391.5006430613547,220.4722191854647
2018-08-18 08:00:00,32.38725125847144,0.28531612463889994,1.3412321191468313,20.59050200785987,0.994716693619175,0.8640739254548969,0.3610733317778435,0.16077065692533588,409.9745494297049,223.33185872888487
2018-08-18 09:00:00,21.93304801210168,0.2826359902095406,1.4006912341573556,23.630735188296097,1.0711553054768796,1.0558261251176706,0.9099486514975997,0.18732271514308735,377.32469713692257,205.11288526190384
2018-08-18 10:00:00,25.026782813887127,0.2999137885015552,1.3649107568834595,21.80543163739085,1.0059441952947459,0.5845543258160999,1.2618823329162807,0.21074263710787747,408.4420640791461,193.83522007681154
2018-08-18 11:00:00,31.152623844374116,0.20553341141278278,1.3879046164599316,22.221147078196985,1.2424494239900192,0.7299604508370688,1.462979196728875,0.24843634814093737,391.03557687764027,214.84267317082703
2018-08-18 12:00:00,22.411398440724625,0.2205067613659814,1.3888267238704046,23.44883366906339,1.1393240993327893,0.5723508681810933,0.09599390455457707,0.2980295070149013,357.83976528017155,184.5324544343806
2018-08-18 13:00:00,32.26950536178593,0.11210082436881938,1.3729677659905102,20.738821898037152,0.9986534565866656,0.848080655638146,0.24512177788347436,0.25549814931767223,357.45793850039024,185.59369572859532
2018-08-18 14:00:00,32.48201266936613,0.011946552759021678,1.356487030032408,22.699973378726053,1.0390040375495813,1.142285500726486,0.6081681122442272,0.14683229568174372,336.42875276370233,164.32376586036762
2018-08-18 15:00:00,27.612016006412542,0.11270229956269574,1.3592837684305121,21.283903500771977,1.05321979926676,0.7989105580692946,1.3388516468990421,0.13939313159989483,338.8447894268768,178.6139478359782
2018-08-18 16:00:00,20.095788075752505,0.12318163038742438,1.3525142425355625,21.83774173534133,1.0725939287500283,0.7978632123608699,1.2425516665752177,0.15827963300433284,320.0839339222385,160.95231518002743
2018-08-18 17:00:00,24.30557199762369,0.17740957388089462,,22.085820929399496,0.6713815607803706,1.0743448848368273,1.2232844356910975,0.05682165443197429,370.27208647624957,193.1177562783324
2018-08-18 18:00:00,29.253903775636132,0.1977551035559582,1.3779846512985192,20.199733766263677,0.9457252667615175,1.11370991169106,0.5665331408952167,0.18941286386533351,362.5505885367101,213.9985054775611
2018-08-18 19:00:00,34.717792670411356,0.13531656859606694,1.3585272003266773,21.064481719553825,0.7328009677251832,0.882285786546242,0.5957026505458356,0.19419039306982808,363.8153817722546,201.72679862415714
2018-08-18 20:00:00,29.477202905250024,0.16610125386009994,1.4004615619713785,23.61763243301034,1.2300905705427077,1.0369429708099784,0.41534744469295276,0.21139540591671394,358.584870832468,198.60198356770783
2018-08-18 21:00:00,23.897053715962397,0.09262277330088155,1.4246173846600778,23.0552066348292,0.989047086399473,0.6846090918244108,1.5971665673987416,0.2807688313016043,322.5829794475207,165.8875345828665
2018-08-18 22:00:00,29.51008554649417,0.2511137299507291,1.3625984027588987,21.91021680876626,0.965198629057668,1.1755948667850828,0.34938407506114544,0.20265272897242176,401.30007242526324,218.22805656458524
2018-08-18 23:00:00,28.099780695737834,,1.3871821350160611,22.268916338765944,1.1614235197659823,1.3297412587874105,1.719251814047986,0.22803415323649487,346.97934222173944,204.4082210176697
2018-08-19 00:00:00,31.697680927267154,0.15894856668621282,1.3949905533090878,21.61404036544589,1.0760184635409775,1.004243158237745,0.9645673337538366,0.20222864455578077,376.8507909926925,202.80759067332426
2018-08-19 01:00:00,21.604709582404375,0.10288226963656912,1.394160068127578,23.58317697284151,0.7968457874117427,0.4831336757314399,0.7682165788156238,0.1822919747125133,332.94241342831504,162.3922711834305
2018-08-19 02:00:00,31.41541853753042,0.19265128261446204,1.3822786580374826,21.701185319096425,0.9872370347450736,0.7883539475204432,0.44300115083751435,0.13504364155924523,391.3761914121516,206.33864935340372
2018-08-19 03:00:00,28.118998680141654,0.1833413881276032,1.4022804725507916,22.204340554132646,0.9396699448192507,1.0225650643338642,0.23618704451532682,0.25296237775673874,363.60457873316255,198.5254249482306
2018-08-19 04:00:00,34.444880057884916,0.16184563411962544,1.3944674685804197,23.284082691043725,0.6859840800509103,0.8157034005667274,0.4466272021275581,0.20124742424950898,399.99798530176247,208.06070742777914
2018-08-19 05:00:00,25.12808249058029,0.2565480674878622,1.342870127330181,20.956917318870893,0.8757502780173032,1.1544397108500195,0.5944315352436814,0.2347163093634475,372.7903988838086,200.1721588424966
2018-08-19 06:00:00,29.489328397009224,0.2569380945757077,1.406074681931678,23.739432625799108,0.9669627420370361,1.017631452887173,0.09486832212883985,0.10032934236975233,396.73113419219317,204.7199545340048
2018-08-19 07:00:00,33.980421582650266,0.2961882218778728,1.4066187251180022,20.009666697019362,0.9793088323314684,0.7587048998468406,0.6698086588999065,0.2029969172032386,430.71789808290873,237.77708903703763
2018-08-19 08:00:00,21.53764591986019,0.20382568039311375,1.3571014168746425,23.77734491499134,0.7331983437380845,0.9064529621542505,1.8381839120839347,0.25693081967936665,383.81726600972337,187.5512779342534
2018-08-19 09:00:00,34.05842730854677,0.10529262076097907,1.381138135063428,21.34834425699204,1.2072998049485455,0.721233355872182,1.3328940605421091,0.23200453842545818,385.267201298525,196.93927762297366
2018-08-19 10:00:00,30.318285834512203,0.15728147149589605,1.400499869784332,21.47633167823958,0.981621449399541,0.8634830243175117,0.5118473517639436,0.19758617508699944,403.6535373088793,198.7734589757613
2018-08-19 11:00:00,21.01755588657758,0.15958932160754874,1.373720585412619,19.469816330358682,1.0067595537989014,0.7890813519134896,0.8345180697407477,0.21455170538901364,320.66513235710886,167.72901314593244
2018-08-19 12:00:00,24.514453504202244,0.23682729892159968,1.4121893414329802,21.16058543691769,1.0721154949011706,1.1349523600466076,0.48495864302496117,0.33805846288622554,367.0177396331602,200.34779445081767
2018-08-19 13:00:00,30.622581329679225,0.2343864330321158,1.4509161748385808,20.425343616363644,0.8581462742973391,1.323202411366199,0.9146087586595405,0.16904087579752622,384.48584939514484,226.941426110345
2018-08-19 14:00:00,21.010259022031576,0.25547653026125144,1.3564204190209503,20.90898011026729,1.0821440751638853,0.6137623333528497,3.1993686390911984,0.22034616873296337,352.1238933084961,179.253395087381
2018-08-19 15:00:00,28.7325569026441,0.12396296878757654,1.3385686619053867,21.436709400036555,,0.5153567427580495,1.9126799447452651,0.14951066311054387,380.3052472456935,176.50814022576074
2018-08-19 16:00:00,25.18824585429435,0.3128490333204441,1.389114557868146,22.712453064768216,0.8386146026835055,0.8509655156297229,1.2783514572348222,0.16051129408834244,392.7673156501857,215.28509634591836
2018-08-19 17:00:00,29.313732766512157,0.2808549645217483,,21.772153142395396,1.103220548803972,,0.5133794839630494,0.15343396930828568,433.6213608937662,210.22037584897973
2018-08-19 18:00:00,20.68613050718769,0.32740543279235973,1.373074008784657,21.850484729936948,1.2685012945843255,0.9092423207341834,1.5711392644237616,0.13836128611710607,362.61534404608324,206.46242446076508
2018-08-19 19:00:00,33.07305209228564,0.23729646933708168,1.4235978198996309,20.123223455605228,1.1304692872274498,1.0497872227611853,0.1752866215277572,0.15438886392709988,392.32814884227923,220.1999005348578
2018-08-19 20:00:00,34.60233453766095,0.2657483207133445,1.3398418260083025,20.335859370271734,1.1661359617252776,1.198828379453365,0.6374613156615155,0.09658304963959251,417.09582146916097,237.57613578798308
2018-08-19 21:00:00,34.533167829285375,0.1567962434173615,1.4007875586909482,23.50450916715178,0.9062864908187862,0.9402789117430562,1.3528273375573079,0.1917006559514335,398.3366941366561,217.10502770294173
2018-08-19 22:00:00,31.24477747614387,0.22092279745292676,1.361824175377233,20.415444315437668,0.7124284487496779,0.8613689550300843,1.557739203095475,0.0793717828989441,412.8138040758575,218.40057343277317
2018-08-19 23:00:00,21.95129360195948,0.2011680314661821,1.4315813371862187,23.235168145305135,1.2682247539779714,0.5043230166853832,1.4619227039869598,0.152008940509067,366.4866170570945,186.1171705918809
2018-08-20 00:00:00,31.373947938935338,0.21815286234117287,1.4397754605950435,20.904478984049593,1.3698126800928567,0.9052370298371597,1.043107322874272,0.14361321315336592,401.15849168618587,224.42997238857282
2018-08-20 01:00:00,20.368803746882023,0.2835449260492288,1.3570003023664994,21.14574932758488,1.2777052192785427,0.9142574521098924,0.6707920957038687,0.08791243426357234,356.9247242967276,178.22906616433443
2018-08-20 02:00:00,20.331853272934957,0.17487822333683778,1.3635132859227426,22.372726769214466,0.9395585309836451,1.027791362842549,1.2982728724938937,0.1368904627940651,331.22205323644295,181.06775261851035
2018-08-20 03:00:00,24.85415328724312,0.1426554178867627,1.405787636609394,22.558294313998932,0.792165819028808,,0.33935161802142993,0.06071721247405039,334.43257095056515,183.4815096327586
2018-08-20 04:00:00,27.329647856069986,0.21144473500767513,1.3683860805063144,20.841250362995346,0.8081771143924781,0.8129894799528281,0.37405475509805364,0.11081315678760832,358.5986738231903,191.67958645279828
2018-08-20 05:00:00,31.556111267116897,0.3908690324691123,1.3786376634620328,20.44902060150811,0.6969281378294713,0.6043995489391631,0.8457069767950091,0.05311527960387172,471.2390129095951,248.19137006475924
2018-08-20 06:00:00,30.249430649097576,0.3375617359554601,1.3807616526162723,20.786997428023025,0.9806718486861918,0.44174143862318693,0.9349467783387883,0.1315454928213929,664.3202534777391,413.0738110781904
2018-08-20 07:00:00,26.688540595651226,0.3585841046027366,1.3224098053140703,21.1973620941623,1.2890220324548418,,0.15471087724357982,0.09546585567501323,429.8494018200939,205.26232910167272
2018-08-20 08:00:00,24.104399994224988,0.3174511556332372,1.3795848676171727,21.797628945884043,0.9745007262629962,0.5859348371493966,1.2050103926850915,0.10221987238324937,386.610026961504,199.6501952687237
2018-08-20 09:00:00,34.95686750236567,0.45259545652377,1.3593081667780746,20.667951599534803,1.0544181220626896,0.9673424590841223,1.6036976414090618,0.15096888670653935,483.4665725049934,280.2037370569197
2018-08-20 10:00:00,26.392719533539594,0.2520390862094185,1.3652063153280067,21.33893021634165,1.2476074535747574,0.7963731886666285,0.7462457831333461,0.11622880531338946,392.16156058861554,199.86042771987078
2018-08-20 11:00:00,26.770805364945133,0.2589970439201416,1.4233089601040643,22.494289160061765,0.9272628438701681,0.7923525739850422,6.779315266031024,0.1382594432079355,430.6048706203239,214.75836847412006
2018-08-20 12:00:00,22.454357317875036,0.12625440805913424,1.342304793171622,20.91644048758211,1.366395662209527,0.7031173907649576,0.4326677584540634,0.0641258358500701,339.6817967952623,159.99515714173012
2018-08-20 13:00:00,31.92214323124894,0.01,1.4043961556024391,20.762105636920754,1.3585769933495415,0.3,0.5780343411257047,0.1483280377258114,340.0984737041031,159.5942413184698
2018-08-20 14:00:00,30.40523338672233,0.07279361624834499,1.3716311120900457,18.493345811923827,0.9763999590375131,1.2016621497495101,0.5606245959803452,,349.38984881527983,177.39831187747944
2018-08-20 15:00:00,23.311544191831405,0.1371153550656382,1.371607194945125,17.085764522924414,0.8960438324765417,0.6999458954446424,0.7469833363886396,0.39966752265571753,305.27325915543406,167.42174477281705
2018-08-20 16:00:00,21.23571568423764,0.14819379352657064,1.4037111568815512,20.634001097830197,1.1255028483502563,0.8175159860300186,0.5951178159821532,0.31727060239341687,322.3514952494179,171.7176815440466
2018-08-20 17:00:00,30.207489531120697,0.1702401282654192,1.3902015388370665,19.978201082837945,0.9374455103466055,0.6090215669421379,0.22553655168201492,0.3096546098838813,356.5244218949598,201.78977675455258
2018-08-20 18:00:00,29.81766821421703,0.442032044511494,1.3971183899165858,19.397044428255466,0.7918200609278795,1.0943860686881268,0.4891740032536021,0.15095522555587945,475.1126189695472,264.83147986198526
2018-08-20 19:00:00,24.09889290497314,0.36376842011553107,1.4090455398159858,20.228590418966668,1.2306229576341363,0.9286857874074649,0.7327122803786342,0.252737194911863,397.43780900347826,220.47308881436584
2018-08-20 20:00:00,34.26295343375615,0.37044784298087774,1.3700607485045002,19.784241183082948,,0.7347269429468263,2.417106884085759,0.27021602723056415,481.4262383365679,256.12897434199743
2018-08-20 21:00:00,22.265868376713502,0.28236430451750394,1.3616328979647674,21.129258647059707,1.027992088677441,0.8215540777311953,5.805904370852315,0.2050936096412645,389.72344289132354,204.54844799944263
2018-08-20 22:00:00,26.48502201563903,0.296273619165501,1.347445484203266,19.797301893864734,0.772684344328928,1.235635984424974,2.661215455937308,0.26928701380209924,387.39444942126056,224.94666220784603
2018-08-20 23:00:00,34.15423880251399,0.2633328394114013,1.3552376841006313,18.714582196828104,0.7786852747808706,0.8854061136237443,0.39812682128118454,0.21830364368253904,407.557736917715,224.0994084795799
2018-08-21 00:00:00,26.295909753891834,0.2264915089696025,1.4684728327592615,20.71491100050599,1.0193012719154475,0.8636532924768189,0.42768334691436094,0.17550067522865004,394.6824930573521,204.24074409660244
2018-08-21 01:00:00,29.57788921496128,0.37905593885474775,1.4173403874221036,19.180901328170844,0.9100232137890942,0.711723702772147,,0.20582050066283952,424.41601311841174,229.01019949433388
2018-08-21 02:00:00,25.963915969441913,0.43451395425307054,1.3394677690137593,19.987001441231264,0.9386032722145106,0.5210837699055394,3.9866825687129537,0.1316910304078846,440.04119244226325,232.6394090481453
2018-08-21 03:00:00,24.11322803523005,0.3900994997690878,1.3403262612976927,18.694941362658803,1.1839533679108005,0.8679922652841311,0.6893368722032902,0.21231210410872764,388.9327781993043,218.59738857613297
2018-08-21 04:00:00,34.75966471939742,0.16373269496284412,1.3944559818515547,18.399723322802313,1.1319722771360603,0.9650970224649236,0.24222207876308327,0.136027873749626,380.3034397449985,205.26453282845023
2018-08-21 05:00:00,26.140010094725646,0.16073214861378532,1.3964179439213389,19.191230325683176,1.2480656824895704,1.1199168928655339,0.5095623929852956,0.09061343686038442,350.56318440405136,186.54506449741078
2018-08-21 06:00:00,33.411488055187014,,1.3964665150595208,19.015394372252423,0.8216878197920936,0.4503006931000689,1.58123604842331,0.07178667481173058,458.4125618096786,254.0727729050385
2018-08-21 07:00:00,23.449319088366295,0.33917536309626284,1.372351326193389,19.48465016391823,0.9382255176363918,0.6749807345953942,1.4885503068191384,0.1606420071380057,376.7797845626284,200.46070525029614
2018-08-21 08:00:00,23.19657056037625,0.4006801599316766,1.376236372199913,18.494454472743648,1.1366167051828202,0.78385178188871,0.6680858797849015,0.13137868259162094,403.32244207507193,219.1080216675541
2018-08-21 09:00:00,20.46701124326767,0.47083150410838165,1.3898363857247806,16.520311257912805,1.0806541013823205,0.8993038302853597,1.4798336086825188,0.06994746249294242,390.0949512870246,211.10455827550643
2018-08-21 10:00:00,29.775002380638277,0.4220991661443451,1.3825767901887998,18.110898220428403,1.275828468865772,0.8709932616943156,0.10341569558450359,0.07762767749961758,430.78169118878174,245.9220419268688
2018-08-21 11:00:00,25.527895155856417,0.3031236857515894,1.3134209888175739,19.48829173101677,1.0756966070627325,0.8756622628625461,0.8783613235310299,0.11665406425894133,370.0974993626004,205.70414322410159
2018-08-21 12:00:00,32.965373747594555,0.0923615934834815,1.373106011082744,18.083568563363073,1.3326596387389995,0.9816192117139889,1.7358085500329783,0.07113408953550168,362.11997650833894,187.8197726404546
2018-08-21 13:00:00,27.098148600373356,0.19438617212715342,1.3544578069721904,18.04872668791819,1.0972032043101654,0.7193413778441782,0.3780531446422661,0.045579587179240405,368.1306971917986,182.75956412468227
2018-08-21 14:00:00,34.52290141872083,0.14588984026312354,1.3852563425672553,19.43129136758259,1.1911901405659588,1.086828288446739,0.3768725417804611,0.2260255323535193,400.7339698347377,202.5425940345174
2018-08-21 15:00:00,22.782882735546817,0.19121492433520185,1.4695577700781022,17.295839824561092,0.9417673095787977,0.9866904883398961,0.14912850593457722,0.15598139518327836,332.72093285714334,185.59611095914383
2018-08-21 16:00:00,33.02934751933416,0.10886481986749215,1.391024449964229,16.200756998062538,1.002571698139118,0.8360335471743842,3.34598956535059,0.14620629498358662,395.9650090645337,187.71900113023813
2018-08-21 17:00:00,31.648952791876127,0.12998637066962831,1.370594109414828,17.760651583312356,1.1639699926911056,1.220181598377783,0.41841474283385605,0.1376895569421948,345.34993422157106,191.27680413377578
2018-08-21 18:00:00,31.563827669660782,0.1686879838608241,1.4076540450593173,17.273093224751197,1.2903360707067497,1.2112832071143536,0.9938146075517938,0.12933232569909037,393.7218971944928,201.76090584263642
2018-08-21 19:00:00,32.671748421753314,0.21456907518612067,1.3944806366162763,16.594734644632517,1.1312626508759356,1.0865790710387617,1.3776536328435087,0.18688019981760035,386.4524572856415,210.26594648246322
2018-08-21 20:00:00,31.415359864144982,,1.392602834713555,17.443369987823573,0.9850290810517685,0.3,3.119639976179703,0.2410166969188832,360.74506203456997,193.55223648835394
2018-08-21 21:00:00,29.39330482447123,0.26596168025037215,1.39820551779647,18.142721047311277,1.2479203053151016,1.2157890185435951,0.6965250311699638,0.1982527522594344,387.5929051548834,224.15033971698708
2018-08-21 22:00:00,21.968673165235813,0.21342159339670277,1.441696306944886,17.440385099716625,0.6054438418696215,1.0589517044943868,0.4923180315577377,0.11676295416011971,350.00952765680574,186.87114456965065
2018-08-21 23:00:00,20.487892692368778,0.09043755854143232,1.3460733469402224,17.71808361328668,0.7439977897287627,1.3012817275425874,0.9348374008965682,0.21852418616700603,310.45785293955527,159.3195516899588
2018-08-22 00:00:00,33.8127177172353,0.12958441738192553,1.3942089623043434,19.423559383125077,1.12269416026031,1.1474929183467077,2.540926294881201,0.19739404622840265,392.1524993923582,214.64248414791427
2018-08-22 01:00:00,29.249754717811072,0.16845911688946466,,16.73339933839019,1.0025395041255625,1.2156685354994572,0.6863971866124191,0.2942557366284717,345.3105094392566,191.0501056470512
2018-08-22 02:00:00,31.948059364642646,0.20576853647636606,1.3966653793902672,17.375907427575193,1.1089924572023497,1.0757309700360758,0.33873888310129585,0.11381828812317324,371.3456723760489,213.0151810519776
2018-08-22 03:00:00,27.22283527268825,0.3280085678282626,1.3524394046554171,16.327550755122434,1.0115933540377495,1.1697386397291025,0.19992248175379207,0.15201516615090316,378.35043539698654,210.58117951210346
2018-08-22 04:00:00,21.759622834435916,0.28569009054091504,1.3674789955918474,15.819406941896043,1.102770225028697,1.298824748146888,0.26651861245488717,0.2783254797231144,349.42933120869634,189.27621405339858
2018-08-22 05:00:00,21.877786883038258,0.26541349342913884,1.3711473025728627,16.029326876329566,0.8534074922212257,0.9433109476756412,1.7416079511424551,0.21779943970757915,353.92820097940563,192.1794523268508
2018-08-22 06:00:00,30.283479308434572,0.1725346949017497,1.4092745015803412,16.052660493779904,1.1026874954943444,0.5855538911843741,0.5994722584941554,0.18915005842446933,354.46140474882105,191.97288261078234
2018-08-22 07:00:00,26.45458842349194,0.26141856666225655,1.4075536333182723,16.954305413542514,1.1789946150773651,0.8385078199969715,0.4630536438117466,0.20322073655010192,380.59730333135155,202.7322832603663
2018-08-22 08:00:00,23.00787090050505,0.27273772178982786,1.3426284787066083,19.237429786505682,1.2196991087076219,0.9779891198766874,0.41999433655866975,0.1604046927969637,390.47288599219985,186.86327468986312
2018-08-22 09:00:00,27.373918201121555,0.2323141870693465,1.3816480233299953,15.45476361392666,1.3624397730367659,0.9149775168743116,0.8636373974596532,0.14951849975501424,367.8740723563366,197.00029284486624
2018-08-22 10:00:00,20.96313405612701,0.08524595547130545,1.3587126043575246,15.709446613476464,1.0439377198304296,,0.6449044351618824,0.14144219420152437,292.45729869121044,144.8267054598177
2018-08-22 11:00:00,28.72957102871598,0.25022514443432087,1.34224485267974,16.0289668228902,1.049303995632492,0.5737864749610042,0.6256510567297087,0.11922007245533223,385.0195972371683,189.9996186723655
2018-08-22 12:00:00,24.034901066526466,0.15194320394754005,1.3734894884872688,16.4749586184517,0.7258289564487075,0.7517674662730341,,0.21726343648523289,336.29579465140677,182.21079208235963
2018-08-22 13:00:00,31.96338650955782,0.1340580020137016,1.3707455163463254,16.211546535722054,0.9043459477950835,1.0615479111968302,3.1933518516758395,0.23002274382892582,378.8068236320282,187.82782671408305
2018-08-22 14:00:00,24.65542938385361,0.19750816229567136,1.4528014945903656,17.331517972522732,0.9652452266788097,1.2160679541645938,0.18784031658769978,0.22505134022355358,341.94422169044935,186.65476379278536
2018-08-22 15:00:00,26.828302236227017,0.11753107931763504,1.3929887947608208,12.77431377790009,1.189057519409744,1.0833135227555402,1.0743221523202724,0.2555450645475391,352.92723336291215,172.8789024240311
2018-08-22 16:00:00,20.17430809862151,0.03779097326209303,1.3386714749773727,12.71714531330045,0.8900197976638667,1.1114854574228272,0.3975957711990877,0.20946568873631546,276.4063100956597,128.2538533254024
2018-08-22 17:00:00,,0.01,1.3630567798748716,14.882011737101866,1.1433412035547899,0.8838368853672884,0.6398192567838716,0.15122718414061526,271.423562600308,131.78023778339227
2018-08-22 18:00:00,25.88740334610027,0.08475626849963924,1.410641498862882,16.689589445446533,0.9997080909465916,0.5515835084588072,1.0567593362531844,0.1265788522074957,318.65631686758746,162.63298028202738
2018-08-22 19:00:00,27.199082520756853,0.09071448837164171,1.4426532831860976,13.390006301642408,0.9681097392793429,0.808955883823459,0.6606101003033491,0.14805429379077395,320.1944757595166,165.88180503906312
2018-08-22 20:00:00,29.000308221789556,0.37268174925801556,1.332420500632861,11.555802586607093,1.0448009144439863,0.8482471176255243,0.984393406231212,0.09727987377209026,429.0887550743581,229.30330867167757
2018-08-22 21:00:00,24.37493868063955,0.256328819230141,1.3236022684458286,15.746808497221664,0.9295918529944883,0.8005895026328635,1.4659883169795356,0.10035226326805363,343.9019363340434,194.41192181578367
2018-08-22 22:00:00,30.424728291898138,0.18071409158678498,1.4361289552611534,15.250499602441682,0.9227732953433202,0.9109389730749252,1.0428690002864436,0.10124435944854608,364.8166130545472,200.30555499263448
2018-08-22 23:00:00,,0.1562684264879174,1.391688425321127,13.546895939581407,0.6931385369577794,0.9882839519785901,0.4469555075231061,0.2602199894588685,361.3705280928849,199.2790367619436
2018-08-23 00:00:00,31.69776483340025,0.20383867095262131,1.353951218043709,13.569882334228327,0.9553682426809799,1.0706030376486995,0.4541066495670063,0.06170309727928608,371.86019184254957,200.32613504781688
2018-08-23 01:00:00,20.59428238022536,0.18007080256401004,1.396038872583673,13.486601210375206,0.9136057336932293,0.8443760271267332,0.21895734971966088,0.09824467508323366,312.1611250809381,147.98591141825514
2018-08-23 02:00:00,27.207604208867433,0.250036138915008,1.3009275678294936,14.681111007370731,0.9071234219171657,0.5192481188710814,0.37095600100452636,0.23448843261882643,342.4534962300882,176.97721282852595
2018-08-23 03:00:00,21.573952676272622,0.17173822604141326,1.3801012651979148,13.695507397965264,1.0750371512662074,0.803424456141773,4.677285753087448,0.2200037274192431,330.1326437065557,172.22661608962625
2018-08-23 04:00:00,23.63067523793791,0.0846894207519028,1.3898346351852924,14.939052567868632,1.1185537515022916,0.9087420793983968,0.3922143536923199,0.24920728485681143,306.1180476682065,159.06739832371952
2018-08-23 05:00:00,34.799938899007195,0.01,1.4077281041861347,10.82021777617832,1.0417950108356189,1.1445615844266817,0.2733001922760375,0.22751394982007295,309.40918802057547,168.24653851245472
2018-08-23 06:00:00,22.1374331435227,0.01,1.3495831214312237,13.117675795596972,1.1791747342809054,0.7864384315631789,1.066936570897628,0.16846836701905496,287.04832407626304,133.13660166585228
2018-08-23 07:00:00,27.483322301770343,0.01,1.3825706148421006,12.695326320163801,1.1036011466494657,1.0025087256798804,0.7243563332497852,0.03856606414089822,307.2407030673768,154.1978522248354
2018-08-23 08:00:00,29.27233601477179,0.020711520007946915,1.3522372612182123,13.640270325999005,0.9468898858349845,0.9580175799270865,0.6708716349038886,0.1074669797067171,304.2310822912187,161.11759592969344
2018-08-23 09:00:00,30.53697455816156,0.03898310180690818,1.3876615126702294,13.204134992540045,0.9166858685714117,0.9087801066246777,2.843392320661455,0.08994379154788679,330.571982336775,172.39383315280162
2018-08-23 10:00:00,28.39473025230371,0.20176063503980868,1.3531396103291091,14.709772975379448,1.0563080026180323,1.0861066638649184,1.3113674617382787,0.07794615055881385,335.7282651027488,199.73781409537617
2018-08-23 11:00:00,20.146562711287753,0.3144748612965169,1.3677569748251932,11.424409103072295,1.103278079782342,0.7678317606494839,0.49651718200230804,0.0888284549765416,337.55583576928325,172.50750985570826
2018-08-23 12:00:00,24.896919623659876,0.26834816391200167,1.350125538156293,13.614169913142112,1.2516119752656696,0.7849627100712967,0.5459805769908478,0.22998875738333457,373.9428412300679,193.52905635668725
2018-08-23 13:00:00,27.76567465077067,0.11933002568304413,1.3995340872547095,14.134294137409867,1.2144111480892172,0.8976198353811544,0.5089164537958653,0.35428350696523914,330.28178767285027,175.67608443725803
2018-08-23 14:00:00,21.3179974871725,0.11319460933372669,1.4057535334996998,15.597750043139884,0.9025348588287095,0.77197069898126,1.7579038555787228,0.29760258043084753,307.8316214260691,162.03721208049546
2018-08-23 15:00:00,25.25940396813771,0.10625051502024377,1.3729613829012774,12.697937836250558,0.9816388695770929,1.00160245821092,0.6062417665191339,0.22267551482380485,340.9927510016449,164.5652529053489
2018-08-23 16:00:00,20.498046631870498,0.09680456353192601,1.3811471398488007,13.572520948507691,1.1207832048851987,0.7573615391267734,0.1592975083354167,0.1349717238472103,311.9275106443928,142.81279515442978
2018-08-23 17:00:00,21.17867745732531,0.0869456821604886,1.3365422575609935,10.926506927447143,1.192239600050615,0.9452608415490269,0.7659554561480728,0.18109544400109032,294.15402217241143,142.08227930631503
2018-08-23 18:00:00,25.95384914302394,0.08358494585435744,1.3710097005597963,10.129652554824379,1.1690145043668625,0.8799654462426487,0.20059507555611117,0.2876316024045628,316.14852102167333,153.57855222136797
2018-08-23 19:00:00,21.990736310645904,0.10258613282622941,1.3784938614887476,13.923500801477728,0.9885019900903576,0.9429851929553412,5.712541324630842,0.22973853822122825,294.9070263958798,169.85982537066405
2018-08-23 20:00:00,28.51311272392337,0.09596700507311606,1.4586237927308991,12.813812062223086,0.774275922562867,0.8080517209873922,0.335462643750151,0.06710336048754348,323.2934406596289,167.2902687068139
2018-08-23 21:00:00,30.341974537058988,0.1588427042412286,1.346640989226775,14.14638101766795,0.8201914522757936,0.8321823410946346,0.6915486056811817,0.15246499660145751,348.85836379040836,188.83858116920592
2018-08-23 22:00:00,32.00880048663625,0.21501939024124891,1.423925317162573,10.996759112411814,1.0490740325774945,0.91920185359941,1.0092817203841549,0.22260298064787748,379.1080312327458,208.77045484231624
2018-08-23 23:00:00,23.00225366367215,,1.4099057632039742,13.182423949328225,1.0616006042963821,0.9404149012322626,0.6169693723565078,0.11041104996557564,317.0402030986983,164.56879356632552
2018-08-24 00:00:00,22.512238733886047,0.2835486024165552,1.388419092134704,14.71586989489779,0.8022377127818108,0.8991596169217688,0.6162078752008048,0.14883568099912256,325.4938851130905,194.64013323065524
2018-08-24 01:00:00,21.568517605016005,0.1950790375443395,1.432758614525854,12.89275659111642,1.008022529960069,1.2410724713026169,1.1694119390165043,0.18837496956763947,336.97228315353567,176.98844712492112
2018-08-24 02:00:00,29.54645374315455,0.08213127717581067,1.3911631641782058,12.637928954755308,1.113620384254921,0.7018526162517431,3.1596169806659447,0.18063854362004736,344.80126608800646,178.20850592412896
2018-08-24 03:00:00,30.597135897303517,0.16295413973227163,1.3916747758700379,12.234344950690197,0.7927792016487141,0.8871592410094573,1.5961821511704588,0.1329368710269072,383.69441686323165,193.06370107879587
2018-08-24 04:00:00,20.47379217238463,0.12367524705944297,1.3784063804094735,10.258216593329678,1.1988994963247945,0.5852741955766031,3.026839298905876,0.2127183560299577,299.21661722989637,150.228550730571
2018-08-24 05:00:00,34.04318369365535,0.18727599060220113,1.4167070664725587,13.69033334890937,0.9320443932592315,0.9744162957334773,0.31189123784464784,0.17542822885985365,370.48852019812205,201.14507699229597
2018-08-24 06:00:00,20.779569254772085,0.013799705333498336,1.4128940770143263,11.252187194080774,1.2263703602637972,0.6769506927246371,1.0644761695865042,0.08814576755391626,251.1797771819766,132.7334893158598
2018-08-24 07:00:00,28.119445029516058,0.19605626905209422,1.3612296813751135,12.513389747284634,0.9039785597603379,0.8443379488246847,0.9199627448734473,0.01,351.2284707242754,182.8884496790236
2018-08-24 08:00:00,30.635907791763746,0.26602286097969813,1.340422584162037,9.956408609360523,0.8152074130808478,0.8255871349337348,1.0972846315215965,0.14880236603525993,396.46739347079443,197.4807737009857
2018-08-24 09:00:00,33.06453685619128,0.14117787875274856,1.3739105808781302,10.342007715471379,0.9175353418284905,0.9561782253202343,2.76064741329935,0.19828125820942305,356.36840352525775,192.62212951515463
2018-08-24 10:00:00,30.71130398198642,0.05552234521922113,1.3559988430680705,13.406066077034765,0.9828733378460823,0.789441816490964,0.6558299238166068,0.19624716775340395,345.90898330178106,158.97974581141526
2018-08-24 11:00:00,32.02592124604688,0.247646913981257,1.3780942627615393,11.195115043535575,0.9300736167811334,0.7809388604612035,0.5553834065046275,0.16333182244099417,382.9801657605119,207.53262740618962
2018-08-24 12:00:00,25.09175288814209,0.1893624475070432,1.417123144040524,13.285061618386687,0.9611197441168396,1.1871712928171796,1.293613113395518,0.13825918861240888,349.10984279248316,192.93757190259524
2018-08-24 13:00:00,32.222376706197686,0.14081892535632035,1.3662809503473963,11.377865727793164,1.0601137269417142,0.9569133580949053,0.16145545317149143,0.09041131426094864,330.7500790047426,176.3363517915772
2018-08-24 14:00:00,21.201722695770126,0.01,1.3787152985606526,9.19345601373671,0.9691877134366481,0.7877898295955464,0.6464170498335533,0.10035944988297608,270.39908515118645,134.49797160568764
2018-08-24 15:00:00,33.42224984090792,0.04154009970411281,1.3817406820442517,12.407605350936237,0.9880997690886387,0.8498332656377539,0.7089846012394597,0.01,303.61118912862014,165.37791416703672
2018-08-24 16:00:00,28.213885642306046,0.08586050060601876,1.4054529264661584,10.564064697052954,0.6923392481435326,1.229070990454149,0.3494250093019468,0.030842443005434268,329.1093936554111,165.6128208540261
2018-08-24 17:00:00,32.259466549437406,0.19234179816577196,1.3125933199804618,12.046613515936702,1.070505642881885,0.8529670243497807,2.07136862211961,0.07184921482219493,382.7819792651639,200.2218316994751
2018-08-24 18:00:00,26.7847742677745,0.09771298446128235,1.361798991157041,11.176151074798412,0.9839434064154997,0.7621446753695225,0.307537011332014,0.1517023317247421,327.5191278755904,154.018199019442
2018-08-24 19:00:00,29.653665427947875,0.021776145743648875,1.386338510768384,9.233345860734616,1.2898527364869168,0.7630007699747214,0.7079163833743863,0.16062581123244343,293.1745947140042,150.87570467107392
2018-08-24 20:00:00,27.896039914041697,0.12632031280267236,1.4160023686928058,11.222928283114438,0.8308782698942876,0.7901747038020845,1.0415374631762782,0.2160708735719996,338.5822702963594,170.76897843054778
2018-08-24 21:00:00,30.973842826329978,0.24396262466003582,1.3652429265748138,13.60344436291081,0.6745068408700874,0.7811004555146556,2.7046238734937393,0.28259063045000554,405.96264162004985,208.97185640601822
2018-08-24 22:00:00,21.224449730458844,0.12008164917259442,1.3237034188187438,11.503295173278806,1.1112523289074074,0.6440704303301514,0.7924353588264602,0.30504458389944944,301.8862742802654,148.14139993245067
2018-08-24 23:00:00,20.905281259858455,0.24557828132479537,,10.787974892180772,1.0623748632963401,0.6751599806106043,1.857803142341119,0.28325734118238305,327.79777914178015,170.60956726634268
2018-08-25 00:00:00,23.706548510152196,0.24990814424630248,1.360939128335231,,0.8184820563043937,0.734135925127726,1.502893584550337,0.2426661654602769,322.271805221019,175.14557705365732
2018-08-25 01:00:00,22.393170201697824,0.33728012809838337,1.344310000227289,11.005083915407367,0.7246451880992635,1.0183142036906196,0.8940158713645796,0.15875241877135257,368.0617171826503,196.84525807697986
2018-08-25 02:00:00,33.07675349888302,0.30547846074745905,1.3612696383086031,10.953755519161794,1.2767314115231723,0.8237525425454253,0.30008016637885765,0.21164809434557053,407.8508108478695,215.03292671396997
2018-08-25 03:00:00,23.288209810370667,0.08705268912418532,1.3744642392703244,9.344010648278875,1.2545398703092208,0.858567662181192,0.21996951154316313,0.29977369954063404,288.2680581777778,143.34542559453305
2018-08-25 04:00:00,34.637978837286965,0.12377949180164663,1.3618576600638534,10.887853353152515,0.5522577834328968,1.1540176050509794,0.8804794502581728,0.27239058210340555,374.2915687824587,204.24343286237854
2018-08-25 05:00:00,,0.24645714975485422,1.313833018287028,11.804685377480435,0.9175198547338298,1.1590014299876836,0.4908725595019187,0.3504698981676107,345.51735284122105,181.42972123224433
2018-08-25 06:00:00,22.73176873533049,0.1760203233017008,1.406911985906614,9.515452671624368,1.299554569861102,0.843575011372453,1.829772113942755,0.1907476364169014,314.66539113097735,159.25521762935017
2018-08-25 07:00:00,31.845477607137187,0.1671770287985944,1.4182462512383616,12.186365864781692,0.9143087395999839,0.7738272978633183,1.565377979024872,0.11719877876336837,345.3761660914617,196.652904444717
2018-08-25 08:00:00,29.880616632513142,0.17793323987493784,1.399545659740185,10.326849643625126,0.9116897978752025,0.7271139372652924,0.6775354205721765,0.19363135772291679,340.5657116741146,181.48556587086412
2018-08-25 09:00:00,27.472935746797084,0.01,1.3458694298872553,9.333194027170544,0.9491033210267137,1.0385551539416475,0.2822152552136441,0.20403622724294515,308.38211666550075,143.00813406536602
2018-08-25 10:00:00,28.330453264064467,0.18602231630108262,1.3739552539815743,11.55900276758884,0.7982385447217313,0.8590585532955425,1.2668309199883463,0.27324866694007555,364.49956320209776,185.0193859963109
2018-08-25 11:00:00,30.78802667408396,0.13310556701898385,1.379804360543116,,0.6931403660389521,0.822701021935442,0.32004359668233456,0.23502090172044096,344.9412383117831,178.27793692759116
2018-08-25 12:00:00,23.426821119969482,0.2086327315111126,1.3979638316868572,11.20507876721241,1.1894585159322548,0.7372670849724895,0.4042341127103066,0.16093401568056467,332.23989463781646,166.3414182084251
2018-08-25 13:00:00,34.94500874085113,0.2141068211659221,1.4000502146615423,9.912061105511539,0.6682713568754184,0.7460667181977223,0.3313375231645271,0.15574481487603625,387.72684999944704,214.47660249084012
2018-08-25 14:00:00,34.62189743220175,0.3254842993248943,1.3579747860366451,10.160638452134208,1.044508861379576,0.9640116382986489,0.7062440148824168,0.07348585067019772,440.95903814401913,224.25952295643796
2018-08-25 15:00:00,29.754885295204055,0.3353234993216725,1.3824598666924066,10.796717287466741,1.1595843086963769,0.6369123468225476,2.293386507341917,0.04837607001629657,405.0873999069141,220.34253328993378
2018-08-25 16:00:00,22.993136763937176,0.2909325078034928,1.3937184121384572,10.527302111452025,0.7387792661977914,1.0989737387575877,0.7963787939635075,0.15937228188485855,364.3709925416613,194.59619578672624
2018-08-25 17:00:00,30.20342363646937,0.20717154806090254,1.423674669664403,7.759141474746505,0.8336316875328871,0.7932310712370163,0.5368479484868635,0.21999061399909173,357.92159356594016,185.73540786371763
2018-08-25 18:00:00,21.082976134687637,0.2838481397532029,1.4011351961947416,8.785621907483895,1.2183722539104862,0.8700728111496415,0.2026657946605838,0.22577462548781965,360.07120875519735,169.6274326450838
2018-08-25 19:00:00,20.45978753308709,0.12381839351087268,1.4036717006212656,11.225528881062992,1.0959205096408673,0.6326044083718891,1.3149104637948166,0.10420012403506362,312.67068213168056,152.09595875298874
2018-08-25 20:00:00,23.865243327668203,0.2133441090796823,1.3825147988378808,9.932589575244899,0.8888885727618003,0.8975268123515271,0.3963301524974256,0.11301585989026486,347.7946393700413,167.08072063536372
2018-08-25 21:00:00,26.939344351089744,0.13641729623138776,1.422313774356105,9.445392393103468,1.2164048206050109,0.8343358114618881,0.8892492655524104,0.06630952261455587,325.42836016393426,166.88638019999198
2018-08-25 22:00:00,33.024087581125706,0.27067480031850266,1.392292883878785,8.428102769241612,1.2171764302217745,0.8899838802287067,0.5816186389057698,0.18237770879599946,411.6191939890492,218.52835832179903
2018-08-25 23:00:00,30.90753604649462,0.2773763236359674,1.3541673626947928,8.74903950462105,1.0484294847428273,1.194341779672378,1.7009993755826773,0.1464032972638436,385.65284999323546,215.1739716779413
2018-08-26 00:00:00,31.140597817999716,0.32069332797318595,1.4221010991037557,7.606710259836024,0.8379711589827407,,0.6944352843993038,0.09469711571141319,405.97723087597035,209.429169285201
2018-08-26 01:00:00,26.382400016721128,0.3060444346872077,1.4009370981761706,9.90129494900769,0.9255792333750769,0.7410681631708392,0.7586784276229595,0.13060603933413337,397.8585797032395,205.26105011508847
2018-08-26 02:00:00,25.189024888204443,0.14904093666976562,1.3667086793661454,9.296490601743798,1.0515496139119702,0.7577360178906863,1.2386584284610676,0.11195435619040332,311.30446473645526,160.4381628931623
2018-08-26 03:00:00,25.56558144476904,0.11047032259720886,1.3656152109780226,,0.9660529307534521,1.0190262371827536,5.3286749910466416,0.2281972483264644,327.8910257414527,168.3419437481848
2018-08-26 04:00:00,34.814743456040866,0.20612037282695678,1.3888972663542227,9.921906927683883,1.1690122920822732,1.1597386581986848,1.779724693926488,0.16482969514382717,398.32483708511364,217.37998770487212
2018-08-26 05:00:00,20.601637871187236,0.23261672636765726,1.3938955438580274,10.437678586084937,0.7246406655803195,0.9563836041502101,,0.08694412153281844,335.4769377592121,172.90903823179727
2018-08-26 06:00:00,33.00547244183673,0.3323109008818138,1.385918767968936,12.511837518651934,0.7310325647680771,1.037742548910954,0.8023058700189979,0.01,421.10540820915145,247.52945914773127
2018-08-26 07:00:00,28.6801311285859,0.3398795956602434,1.3893392602032864,8.186653725585796,1.032556800066838,1.021947544667341,0.49881646045713585,0.06714780703973916,421.20217985716585,203.87809900328799
2018-08-26 08:00:00,26.579231287843857,0.23557956570595756,1.4309987212372912,11.394912289846053,0.9115220055147571,1.1838128826715042,0.3402278684673781,0.07857287739236793,342.48834619210766,197.87035122097873
2018-08-26 09:00:00,30.878864906227047,0.17622056497651958,1.4121462945670464,11.175944664690643,0.8871312493544067,0.5100819654547935,0.4864509232279104,0.033409450044717154,379.1028199013434,184.34283780475016
2018-08-26 10:00:00,27.300034121370544,0.2065877867254227,1.3857190677379507,9.079704411189015,0.6817497905486085,1.0334437878609057,0.3992858835003578,0.1633992577021774,364.6487389063728,184.65578961463365
2018-08-26 11:00:00,33.10134857122491,0.03448792542778745,1.4082393174230243,10.266714956952763,1.0035182520636727,1.0967472087807129,1.4403526711197965,0.21007426346706093,348.19248692018306,175.21372952557755
2018-08-26 12:00:00,,0.23301689864929004,1.3490242828941736,9.48370872858522,0.9905040805598622,0.6322552587728854,0.3050685042804433,0.19635148534400276,359.2943530574577,202.58103585540732
2018-08-26 13:00:00,26.32581390310183,0.2734515679647076,1.3919378114984042,10.267549386654554,1.1176262167513134,0.7228663631987168,2.6558000699902635,0.27167046585665366,363.82533629826844,190.06079546603866
2018-08-26 14:00:00,24.152416958525773,0.36457886533920514,1.4342791904919932,11.869348803636038,1.012403103961775,0.7298434502743694,1.574122845967035,0.27475444151790895,412.0658328874438,216.8305035207098
2018-08-26 15:00:00,28.885254928900434,0.2037568904727101,1.3734586231382286,10.800597435586749,0.9761312659167106,0.7542419607245233,0.8148982705987715,0.18748131081963942,333.6715224011028,177.83448791487436
2018-08-26 16:00:00,33.685450184250364,0.31719503615931754,1.3545709821414273,10.701483529806882,1.2118601146222607,0.8036565898128948,0.8002294331482913,0.1221355766523377,395.47516199564916,220.1713432171324
2018-08-26 17:00:00,23.159932835084998,0.47555643819374216,1.3604373333422082,9.593865715368445,0.763755885379261,0.9485205626109883,0.4844714723577971,0.19436023865863428,393.37352792425145,215.93100657215857
2018-08-26 18:00:00,29.344498753452243,0.3022192383054341,1.3473110088797282,8.350246397687961,1.0965500593925637,1.073134930233474,1.0201323960264106,,387.5061108455653,219.74663317635583
2018-08-26 19:00:00,29.47340330138781,0.3482656104061052,1.3564571427561687,9.9036177586401,0.6991935103368372,1.1162633915537072,2.1300376711982807,0.20962376242817268,435.3597108815327,227.34367032600142
2018-08-26 20:00:00,30.996695336229216,0.31887472285925705,1.368884757042299,11.626155428180713,0.8490948615998546,0.7324353877664437,0.4248647621744964,0.14698438928476917,401.45202794612385,215.0503203285322
2018-08-26 21:00:00,21.9735152769089,0.1746575981416204,1.3378329894246406,8.371843614358012,0.7817217161278035,0.7310594002594035,,0.19666748759120672,299.3075257166229,157.62383095314465
2018-08-26 22:00:00,30.73737447023133,0.23669103644728387,1.380468550018488,8.966322582558055,1.1407496563813453,1.1631643680032446,1.5064454633801683,0.1446705595666871,382.6959946114707,205.24094547183316
2018-08-26 23:00:00,33.63548780998462,0.3073719819000866,1.4070683152135992,10.413692747702664,0.9882261579528291,1.029348787083729,1.0712067594115708,0.15268313646439158,426.12831299786916,224.84876227809798
2018-08-27 00:00:00,22.695246633053628,0.24207026311655286,1.3527673145955923,9.112075160412362,0.9975694159732642,0.9165729683737992,0.29190628423994647,0.2504265306618537,334.4299869331853,168.75737113438583
2018-08-27 01:00:00,23.563149873858166,0.33772250580200486,1.425578517709253,9.375860409865847,0.8007880622086988,0.9946673351109935,0.4134594704606377,0.18260586424850347,367.0739903171106,204.48204819460028
2018-08-27 02:00:00,34.570926410624594,0.1780646815182676,1.3953237626558277,9.853525977210731,0.9460551707320799,0.8940392436297119,0.3692293076662854,0.08718416312473042,346.534424651818,197.1592513034236
2018-08-27 03:00:00,22.714654290642347,0.08006478534681578,1.4109174175687216,8.75977655598861,0.86257624540436,1.004916936609523,0.41676923925198495,0.06115766636263163,282.4702536599469,155.28599365192875
2018-08-27 04:00:00,32.81577640054368,0.14197314138987124,1.3602649633844357,9.267950657139638,1.0690219026737589,0.8327866606988519,0.597824509812852,0.16835252941883638,367.4886744249447,184.9174161255538
2018-08-27 05:00:00,27.384167846720523,0.1764120212106916,1.4056357568119984,11.321084379430122,0.8216035956403096,0.9537609868878462,0.6293698960049615,0.18829538589411438,348.4869240176797,178.77420487119946
2018-08-27 06:00:00,23.708466116047656,0.14116253577355573,1.3472419829881406,8.949883515467238,1.2393629857369137,0.5978907899261008,0.4453664551975267,0.1772445888151434,305.7540146357062,151.29198024995085
2018-08-27 07:00:00,33.06124851908767,0.23858132991923986,1.406707425025095,8.644706716386281,0.698395519067663,0.7624431410349138,0.40434330829584275,0.14780112497039186,403.56273882282755,200.9185604485666
2018-08-27 08:00:00,26.679578825039982,0.28447847608074384,1.3851551801938058,9.851205746764316,0.854826430157819,0.7645977646419313,0.651127723059362,0.18980226943542652,354.9476272474464,190.11830095251136
2018-08-27 09:00:00,27.72226030894535,0.3427860589312419,1.3965975365995433,11.532307457881608,1.3018960917938973,0.8251219933586172,0.9303251131055617,0.1349350706018425,398.73859685041515,239.31012154958393
2018-08-27 10:00:00,25.388500540996485,0.3050993264236879,1.3447321618312544,10.466008273250159,0.9216750253668338,0.7146973490440504,0.6018118439880608,0.17130097647966125,367.233446532004,194.2815965600229
2018-08-27 11:00:00,28.894262771523913,0.33677594993484883,1.3531479047317017,10.194784463424877,0.7633218404072059,0.7932912748353836,2.269720666901176,0.13090531175901932,398.78839418662847,221.5555689786365
2018-08-27 12:00:00,22.452858088775344,0.27509114071199464,1.3979168465476015,10.857078134312097,1.0394328812567803,0.5971171875203759,1.2638155907213067,0.09668362393890835,352.3613839056463,174.26135535235878
2018-08-27 13:00:00,25.86622304977641,0.4318692937053239,1.3515495598732739,8.762147276355742,0.9144293964013824,1.0097400952789801,0.19111024423762976,0.0917609282738443,395.74857414706486,224.86236443258136
2018-08-27 14:00:00,34.54118483502931,0.31230484398396785,1.3938961887629735,11.505358207591478,0.849543353988705,0.8834972962177211,1.2817309095994813,0.10453211017526885,408.17589615090793,241.0463401218049
2018-08-27 15:00:00,23.872001490516915,0.46203718514544245,1.3389858658061926,11.42809863001183,0.8027432540562309,0.5589584784447966,1.3796723356104492,0.13178947594913912,410.4885128764771,224.15466641816732
2018-08-27 16:00:00,29.851049968119383,0.4012170653689624,1.40544522638,10.534604395754885,1.4983072490126697,0.7330340178906654,0.540962660121394,0.16520103327615032,414.8682838147787,246.770513235756
2018-08-27 17:00:00,24.877850963370424,0.24581107459277424,1.3430243005569447,12.292197148421742,0.9547206579668555,0.9673202855124334,0.20829053315263774,0.01,347.94980324139635,173.61653834127364
2018-08-27 18:00:00,31.602096885299012,0.3565141002540301,1.3965689981303855,9.79290271500666,0.6533978751400822,0.791395610722842,0.8058292014162732,0.01,445.60319587916854,223.48072144087757
2018-08-27 19:00:00,21.963104910775247,0.3346319812494178,1.39876892800938,12.561677731620525,1.2688677566209963,,0.7944689796368388,0.044565114172548215,364.02623956685244,185.9454590183221
2018-08-27 20:00:00,34.54731567617817,0.3773323147450115,1.3590968454471126,11.457327877073963,1.1099927629199027,0.8850814645983848,0.29152626795624453,0.18904279082002873,423.3371970744894,238.30376198928494
2018-08-27 21:00:00,26.80684312075459,0.4370410938049155,1.3974607970125417,10.933261123404357,0.8620360424164382,0.9687195070356432,0.21670011365737513,0.12062551798908933,413.1714653035629,228.90800636790544
2018-08-27 22:00:00,23.540756950196958,0.4079652099950429,1.3878132679000066,11.379884978844157,0.8320385640364945,0.6127295085921679,0.7393811376713839,0.15414310787944835,379.67191736285645,201.31329227716307
2018-08-27 23:00:00,21.10245120995019,0.3131963794115048,1.3638347443142178,11.343024799690234,1.1212251033084815,1.0100256962435759,0.6486169033517597,0.2541876833118193,355.8537886426386,194.62864078145648
2018-08-28 00:00:00,22.54636857631311,0.3722945358015934,1.3497433594777137,13.005470522836886,0.9555547010518982,0.7399413436785247,0.549535237836038,0.1457344981902552,370.9465467547875,203.921186527184
2018-08-28 01:00:00,27.796609228340266,0.33566661565748296,1.3211212292498224,10.319862837319763,0.6533239926798817,0.8964144063500403,0.7421430886306146,0.18307921246601724,414.3599533368423,209.92852276312354
2018-08-28 02:00:00,25.055047646469294,0.36483525644891157,1.3904895014189906,10.768938110992188,1.3217031936288404,0.8929159718616981,0.296519502274139,0.13371121744353912,402.4671503543953,216.71105654937898
2018-08-28 03:00:00,32.43325048823914,0.1580862336109212,1.3330559168591383,13.000922783367683,0.9218817168011277,0.7945867763520452,0.5409209641817073,0.12194870592876941,356.1625046116375,192.82759233678064
2018-08-28 04:00:00,26.46331285492709,0.221418900888433,1.382860325983239,11.11740785502539,1.2692029125668367,0.6952680507738571,1.2928498609660422,0.09698257352006277,367.5707333271648,181.73136471997412
2018-08-28 05:00:00,23.730714088814448,0.17890636461030068,1.3720965535175325,12.988649532422901,1.2301182924338288,0.8428626903815473,0.5838468208461765,0.08627810560708449,326.3905079420981,160.21985240067664
2018-08-28 06:00:00,29.25717479906045,0.3324992262014929,1.4003742832631458,14.024539541457294,0.8198182819930935,1.225066061815039,0.17765376277123487,0.28708159223864027,404.93899190942096,225.25070727406998
2018-08-28 07:00:00,30.601658253281688,0.3575964461721727,1.3709386350153039,11.581491793727,1.1859741755853666,0.6276649939072738,0.522794613079116,0.29491630766748406,410.4669295719935,218.6475628683422
2018-08-28 08:00:00,22.505628618514248,0.3445061319884646,1.3701165664095871,12.960909133771114,0.8827403410245374,1.2384626038209752,0.305353191181466,0.315054056307663,375.35988316480825,202.05122699308723
2018-08-28 09:00:00,22.514288244324764,0.35505909185994294,1.4019561211286489,10.83964691609314,0.6639938943752905,0.8480557657846935,1.0174292629761006,0.29055204299478754,395.1288910576097,200.47975353118989
2018-08-28 10:00:00,20.550071404003145,0.2436660960718226,1.3900517408725235,13.211711105727428,0.9235723301160144,0.9070742834177279,1.0658899795374233,0.14995581849275502,345.9644280190777,174.44800366201707
2018-08-28 11:00:00,31.04603022598461,0.37542680249252014,1.3894846787154833,12.628418644271814,1.0715747503197302,0.6826578377230546,0.179776527393215,0.18567096931505145,437.12968839066536,230.63635390869166
2018-08-28 12:00:00,,0.49710839521811645,1.3940780276942557,13.040934424837415,0.9167074033606591,0.7457461166645039,1.5840234890211184,0.24777835845947166,481.1872894525473,251.51474604821163
2018-08-28 13:00:00,27.11946313624721,0.4544089574965388,1.3339328363037868,11.783854895451256,0.9447312986334817,0.7994180699923962,0.29401890162607014,0.1694630466333363,426.2533019467093,228.58060140069506
2018-08-28 14:00:00,32.66255673453796,0.5203185557334682,1.4027036603996093,10.651542480494896,1.2058418880871504,0.6908610058244176,3.2547664115471635,0.23159742800966937,476.60001843101975,275.5466626342893
2018-08-28 15:00:00,32.0850522942508,0.393691133119625,1.3983740638204079,13.336068267609239,1.0191689164522166,0.8582164085258257,0.7656407688862887,0.2532186293970463,468.60808042192735,245.992959281341
2018-08-28 16:00:00,28.780315465951283,0.28681470788573904,1.349499506142705,10.344400631625415,0.8482063039687086,0.8185968216386458,0.2605663624355898,0.33505358032704796,400.14661812723244,204.6373749643721
2018-08-28 17:00:00,33.02406920769888,0.27904427541833116,1.372677585789774,12.528950959848618,1.1263654582601188,1.2701562284871466,0.2862381807456636,0.24796516744541167,399.14751482752587,218.93569388081667
2018-08-28 18:00:00,23.087618150551524,0.3051262758622637,1.378820781371171,14.129418239703963,1.035581602051764,0.6668051628639078,1.0943298987112395,0.1549224415307034,361.58275277584937,187.59527051034183
2018-08-28 19:00:00,21.678794290965918,0.25706945860413494,1.375965096467948,13.321419561569614,0.5461111357368322,0.9205381033497175,0.5625285153557107,0.14325577835606929,356.6892464589034,182.05314334416528
2018-08-28 20:00:00,24.046244172754843,0.29797007625237315,1.3900157989970559,15.521181797032417,1.0771035244788607,0.9495692563803649,0.733350096302675,0.24408772660345895,378.56260173707494,195.99004234173745
2018-08-28 21:00:00,20.856302841339723,0.30809021194253433,1.4229410034549355,14.506187984660848,1.0705291673888984,0.6859358902696325,3.4156187348285045,0.1087482831115576,366.24223713214894,194.91270619358934
2018-08-28 22:00:00,27.967542920015482,0.2107986063364896,1.4124530018301849,12.585095053274838,1.0036218033245548,1.0373654990905676,0.42636341517468335,0.013146426941072625,343.5395648221515,187.24593643337002
2018-08-28 23:00:00,34.04908538442442,0.2640624658316804,1.3406334241970577,13.497066485377518,1.1605061045925236,0.8203345974236744,0.8443594559420389,0.08525157290054036,410.7540003912955,215.08572018565772
2018-08-29 00:00:00,20.590153110027643,0.328925985483898,1.3986620997091814,13.502735298491878,0.8789691548212296,0.40152206968338655,2.871161027945956,0.09659558617387484,374.4975624508867,180.45154136902573
2018-08-29 01:00:00,21.831648710150404,0.3189657352459599,1.4198679995860621,11.757001113049,1.0605699619877622,1.0319699224209131,1.020526404082792,0.130421025294866,371.1526449744349,198.35661047229928
2018-08-29 02:00:00,26.782985424251528,0.39048786293310733,1.391604255620676,12.623881739723293,0.7179473131898765,0.6766118231795273,0.18841919963597212,0.2069713214510715,411.0588272315291,213.3341671488123
2018-08-29 03:00:00,34.008125262918576,0.25094920057341896,1.412729412755579,13.176879214352368,1.0732762690117896,0.6904450107721802,1.2607497191932036,0.16302863210351173,405.2913001472382,220.40410205818355
2018-08-29 04:00:00,24.742341574651256,0.28810047417194146,1.4403681133710229,11.50441453661886,1.3515507451971813,1.0375804165784797,0.28087483854111267,0.05743682940626982,382.8796923066328,207.6444069176226
2018-08-29 05:00:00,27.608522130325888,0.183047875408617,1.4107112863832094,14.103583235159043,0.8209258565558426,0.83056770351631,2.8376698060120913,0.22913099107575854,366.3507906886107,191.854364554857
2018-08-29 06:00:00,20.623592885755883,0.11400700412738489,1.3874792578692519,13.847011820166651,0.8632356162422005,1.0835544301103002,0.3814694935976348,0.14964489739912856,295.45770675622884,159.6155405616594
2018-08-29 07:00:00,22.225148014431333,0.10433043619014623,1.4113526542225425,12.23829709008969,0.8721972202795206,1.1420332190730638,11.581569584432657,0.09824471111875129,327.81145480237615,181.88320602858124
2018-08-29 08:00:00,34.7994518443827,0.07266649064716278,,14.831231303430817,1.023399680644287,0.7710143079355405,2.996649520883678,0.19717002749460655,335.9068772084248,190.81704624306175
2018-08-29 09:00:00,34.47678044654069,0.08202687795372293,1.3807170912985485,15.306133023014013,0.8086534708863308,1.0586524991910062,0.39059078060520674,0.16723266923427285,347.29885864132063,185.81858313846175
2018-08-29 10:00:00,20.074099714016143,0.11528678971071096,1.3694575729285878,14.82091000103986,1.0758245281643763,0.7489078397214236,0.8145405013086049,0.16853621041847508,309.32582630934166,151.78238327692654
2018-08-29 11:00:00,34.27717678134859,0.22267311170400844,1.426902400764963,14.26141186368606,1.1524311901844497,1.3466231834264355,1.5763882335061414,0.20208913369470413,411.2751374481338,222.35109580578106
2018-08-29 12:00:00,29.586799067232505,0.20517845509634972,1.3554471400217398,15.462260437195658,,0.761408599093757,1.6195541178904027,0.2582684664034222,393.87079889720263,192.6671911116308
2018-08-29 13:00:00,33.01877441780033,0.0917748620258774,1.4259710317403433,15.671410460312764,0.6816852233851469,1.1052174881920007,1.1911974749882879,0.206953438251147,356.66807085621394,191.00607459081021
2018-08-29 14:00:00,26.82109783450789,,1.394995923712211,15.32699521766206,1.1791301797285492,1.0687580051763153,2.4689663516905442,0.28736918330554617,382.1793715509762,215.55928675957966
2018-08-29 15:00:00,27.733940428688754,0.16934627110720574,1.3380208147559416,14.071858509236892,1.1687261345656623,0.9632175644217867,0.7161858323667445,0.11627351905923936,355.33463078640057,177.20951424618917
2018-08-29 16:00:00,27.3326987038538,0.18884475560667371,1.3910294787897426,15.496882312853028,1.1494290470223347,,0.5751125874836037,0.18735134565272826,385.6048926207574,180.4403702845279
2018-08-29 17:00:00,30.002963863191567,0.2429142494799285,1.3169992047704513,16.703360720559665,1.0671116047580484,0.8697205016117182,0.5854812382446896,0.13403915391057752,382.4691371780648,196.88241044811795
2018-08-29 18:00:00,22.094768821344694,0.26100880810817256,1.398765240504931,14.656874350059994,1.0396340765569239,0.4692823774110896,1.7322001395216091,0.234759771342826,342.23432338573616,181.0324657274298
2018-08-29 19:00:00,20.44960384809017,0.34524052947743883,1.4065569444896697,17.994592750472975,1.1858300916627513,0.9448840076764501,1.1112876465786012,0.2213785315355283,385.06431211079996,200.65345488000364
2018-08-29 20:00:00,24.618949123867864,0.35498862210562787,1.3622293213304384,14.950704036752766,1.3462324277686217,0.969923066205677,1.0397826987448961,0.16445279900075288,419.0039345284378,218.57890550424318
2018-08-29 21:00:00,30.5702114410497,0.25458726909817087,1.3837064308786673,15.724872678550492,0.8284527165943271,0.9266998838122743,1.6365122051576855,0.21044214498174968,393.7569509984713,219.27784040987373
2018-08-29 22:00:00,23.027801781844225,0.42749606228805254,1.4386247230125084,14.983620304577398,1.1940625712430588,0.30533876574148855,0.12630057229728908,0.2518565878214849,411.9435265996757,197.85726457242927
2018-08-29 23:00:00,30.101486499873758,0.3897939206686954,1.364827598872142,16.16321056448059,0.9844809223586585,0.6468727109820378,1.0575113768948472,0.2616276000644092,452.34437099876993,230.06881535581434
2018-08-30 00:00:00,34.54868069160906,0.33606852633836626,1.3482327723883019,13.909333968837664,0.9766588506348519,0.7503818034302675,0.9739147047223949,0.1671947856606619,450.69478707048916,244.83261020450126
2018-08-30 01:00:00,21.408510736841276,,1.424449902073878,15.449464280043644,0.7234244757312331,0.9583317866378093,3.592267870515584,0.14327584397907206,399.4808291291153,214.3753994735007
2018-08-30 02:00:00,30.089031773376895,0.3661094772713172,1.4388776157159238,14.898851539796706,0.9487379062872289,0.9578677811285969,0.20212423712779426,0.15772113616015712,413.7902196158475,240.0802965586169
2018-08-30 03:00:00,26.656253289568568,0.3632148895250682,1.3801108701554352,16.476421754928406,0.8204923075656853,0.8659552416057642,3.2489257973844223,0.16415710253709065,416.2014583317544,226.18829812136127
2018-08-30 04:00:00,33.022133815662585,0.5286251425556027,1.4103438910622506,17.61187569307543,0.9165062026889298,1.0270491073207912,0.8561794086284346,0.21547899004855525,512.2037317399161,284.47363923658827
2018-08-30 05:00:00,22.657246841710787,0.42302788552851817,1.4202442774659263,17.298141881023394,0.802326450919933,0.69475152493942,1.242278292292055,0.08039332007873666,420.87805251419513,214.92784816671792
2018-08-30 06:00:00,30.389389283392468,0.34569864834857106,1.3577254730238484,13.781179546575249,0.9191964902836589,1.0220470011387992,3.615330794587397,0.1402956153204522,430.9949076808288,230.31230105399987
2018-08-30 07:00:00,32.57172934472165,0.3263153348049968,1.3654408249389638,19.18169964394433,0.9269001357357874,0.9949484209679782,1.3251711088971692,0.13877848792607292,429.50631432522994,238.25918301060992
2018-08-30 08:00:00,34.16921329211035,0.3891420092099809,1.416926235394642,17.18937453450542,1.017415885318984,0.9755109465675822,1.1470436683311707,0.10495705577260661,474.1914629129478,262.9486224197251
2018-08-30 09:00:00,30.24872042434469,0.2268766840317547,1.4305504283612551,16.006807821649783,0.7093450247875605,0.8635919137828688,0.9949314048073453,0.09042502679738798,403.24251070960844,211.56869066791623
2018-08-30 10:00:00,27.45762146012641,0.07656920750410787,1.3968864258052305,17.230442568790703,0.7398067334058418,1.2661487649662524,0.5177442560601863,0.11338275620735497,332.67888475232456,168.66685458400713
2018-08-30 11:00:00,29.267708603018207,0.08162922360326369,1.3536055693949383,17.356281759262508,1.0651445687314949,0.9986391376979757,0.7797485653554053,0.01,322.46458889053446,172.3418836385597
2018-08-30 12:00:00,33.033574767180774,0.01,1.439611833350983,16.44725168456468,0.8564611389273822,0.7063328273492883,0.42016615414666614,0.01,324.66397127523976,160.44937736136188
2018-08-30 13:00:00,28.559146199582443,0.04201212605622805,1.364070873065641,17.587206326873677,1.1934153622413877,0.9496610951471969,0.7685468455037987,0.010031923057189703,331.19628760524813,160.83989719835097
2018-08-30 14:00:00,20.455805895452553,0.1446084639297029,1.3699458665648563,16.722564628453647,1.0405485499627085,1.0504966754148437,0.09773640406262708,0.10998614639367127,292.77376146327475,159.48853281422797
2018-08-30 15:00:00,33.964230432604666,0.10496601566661093,1.3902701350346884,17.06767987938708,1.1092171870371532,0.7823782802151381,1.177027343461719,0.08966008688557152,337.18960940182774,186.6844430723152
2018-08-30 16:00:00,30.342901265473415,0.03433008482412027,1.4266248126214431,16.83028917199589,1.253924617675761,1.1178544493862197,0.7169801814353096,0.1128892241211135,346.95151992365226,179.6093869479769
2018-08-30 17:00:00,30.147700786658696,0.10457803231411203,1.4056192792965665,16.03502468064885,0.9442520538748169,0.9764067411432021,0.591125510557129,0.2322701321323462,350.1541810759369,186.56219442616177
2018-08-30 18:00:00,23.235127285965756,0.21720810138909208,1.3924459650108572,18.029105730508128,0.8965923930250703,0.4315043324669306,,0.27102317046833313,359.6946125643332,181.14429068530092
2018-08-30 19:00:00,29.883282053489857,0.09144779589103544,,,1.1569064654077863,0.9599343954675853,0.22017092950993256,0.288750186277607,327.3387503037302,176.75690112125466
2018-08-30 20:00:00,25.90796608481238,0.20463204898820353,1.381305440059304,18.66998117524567,1.0917124415073434,0.818794169117457,4.541237017001105,0.2152577659419131,383.6353164316534,192.62689961952336
2018-08-30 21:00:00,29.768494655622384,0.28362693059080857,1.3967441854355551,,0.9662805442321658,1.0074359629083471,0.7293261402862217,0.233736596322527,409.04736032625476,222.5887842547597
2018-08-30 22:00:00,21.59889545461986,0.3498656595860962,1.3041131976691709,18.636847812513313,1.2504624340520696,1.0888429680503628,0.7015917891776303,0.19820808976630055,351.3495517076767,200.79085724657352
2018-08-30 23:00:00,29.867679569045542,0.4173843789000023,1.3711017762279059,17.70511617307537,0.9617960242288125,0.9390324094283636,0.3355446855824108,0.17915926121916406,461.36571399489077,240.27188546667685
2018-08-31 00:00:00,,0.5433301792027709,1.3872396580475033,19.448016495772215,1.0058992547600407,1.2330504467889392,0.8174285283644084,0.20407667735629142,527.0707953267085,300.8759243823249
2018-08-31 01:00:00,20.72318058290834,0.4268437615524152,1.3454695774914147,16.906688522633875,1.0038200771501664,0.8642586230873008,2.787430907499393,0.1586263911085189,388.61224974207727,211.04067833441815
2018-08-31 02:00:00,34.65761276331976,0.3825563594929193,1.3915896995343466,17.549421221719463,0.8317730989182752,1.024963564610775,2.032326177331686,0.2567560209317035,463.57800206358866,264.3599111287827
2018-08-31 03:00:00,26.10361941084306,0.3094743769852014,1.3738658633704162,17.566902912729375,1.0139653701075504,1.0609885147274696,1.7260756557781822,0.2164458041831459,365.73869256727164,218.95668476238237
2018-08-31 04:00:00,33.061301755058885,0.2917902114701058,1.4326642709494646,20.11289664768252,1.2514168319317285,0.8805308062214535,1.3081520666528033,0.23896911648546743,445.37182787320864,244.75541256748292
2018-08-31 05:00:00,31.735782260874103,0.40188301647997904,1.4271905917564456,20.04020393844609,1.0800942967677116,1.0557548615955565,0.5793596563493851,0.3027174986467183,462.2387238351706,266.6907745411121
2018-08-31 06:00:00,28.50524391480002,0.24871695282153178,1.366025832926455,19.584766284453988,1.0055914167518076,0.7810654025675663,0.21690617295383752,0.3155297256625415,379.0365713551567,196.20668110012113
2018-08-31 07:00:00,31.076738138769898,0.1802178932018262,1.375474868652999,20.376544287714488,0.9708818893901796,0.8154863161957563,0.6675917493162885,0.17678268923609342,395.6903581072763,202.14253009130385
2018-08-31 08:00:00,33.177733419520216,0.3113270001616433,1.3777815730317482,18.124376246504827,1.0595560651131433,0.6375022619327375,0.6469877815764784,0.20476336724224908,407.7566260565998,226.12708210102454
2018-08-31 09:00:00,26.062104824765495,0.3745318206653175,1.3664502157152112,19.686148353923333,1.1349579931280533,0.9482818232740094,2.0560187030996775,0.24590118401298824,409.2101478005742,222.83341898639387
2018-08-31 10:00:00,24.90549742344858,,1.3858507495208436,19.20494810676469,1.1096629895601555,0.9650503351708688,1.0568659174972173,0.27305249173743784,376.50091620008425,207.96305541342946
2018-08-31 11:00:00,30.01390078345377,0.3590373799939068,1.3572515379333723,20.457717142768157,0.9402643248720437,1.135852631715846,3.4141782134941536,0.16903380499558485,436.56405337001985,254.82664972956107
2018-08-31 12:00:00,32.11768912911888,0.3536234333950974,1.3460815399518742,19.388442434692195,1.0584606869398205,1.0582280008711766,2.3504249338398435,0.1339981687763115,445.76940731635744,247.08723847334616
2018-08-31 13:00:00,31.434277021649237,0.4425583720966472,1.398681336717008,19.148958672820182,1.08638915340669,0.8430408886705134,0.5304712058039042,0.2120723954102842,471.7569668348967,269.29880345571985
2018-08-31 14:00:00,31.967204732879516,0.39075162797379487,1.3988858875266543,20.34305907422714,0.8187049022451439,0.6643640625331446,0.15901450917184043,0.1535378150052118,445.8551903521865,249.3392978084242
2018-08-31 15:00:00,26.533749722193996,0.430576708691463,1.3558705272102,20.827325346928504,1.030281497413065,0.9865700805039949,2.7839594005585213,0.14614092560326822,426.9740625995625,242.61722127530476
2018-08-31 16:00:00,32.26751324262533,0.5877646489234337,1.406860662922878,19.054711424303065,0.6109653004655748,1.1221506344829284,2.7191059994074847,0.2542371039320791,565.9226748686194,324.05702490067546
2018-08-31 17:00:00,21.80313583055913,0.5342831866502008,1.3610526681250399,19.863063368320198,1.0868560677678134,1.0510369947607887,0.23392985275286587,0.22167430733616006,458.4930432411394,237.5758580448349
2018-08-31 18:00:00,28.167336469412746,0.45294448391872805,1.3875949571411392,18.744654877783166,1.1188617498212827,1.1168955049714575,3.111710162485111,0.16139813613166545,459.8583765063005,253.83157606418436
2018-08-31 19:00:00,20.086379907471823,0.449856897560788,,17.094316939383457,1.1345583026415627,0.8576220937603515,1.128356221268838,0.11618184026722497,384.86248544077756,221.35731731021522
2018-08-31 20:00:00,24.868787448504055,0.3606773596362408,1.3789916230588886,20.40850178045046,0.9288915666094779,0.8066762063648709,0.9244774657293567,0.1616722639354463,424.24723300991917,217.78112575146758
2018-08-31 21:00:00,25.49692302307097,0.5185115681873471,1.393642227364234,20.97332711462484,1.0556284303043262,0.7526197295536402,,0.08901447785263522,1150.7100671614476,548.4302753956835
2018-08-31 22:00:00,25.94259037413883,0.4523637807468215,1.3645071106833728,20.63051897293597,1.25631169219741,0.888820706677281,2.6833690268171937,0.11056852887779603,440.4207124404087,241.2428380909268
2018-08-31 23:00:00,30.432008100347932,0.369819980904734,1.374106002497157,18.04864814840979,1.2544785366924265,0.8842818408062362,1.4377139328686235,0.15833494942607892,428.148670353519,248.769786522359
2018-09-01 00:00:00,25.828371519055185,0.2670188662317109,1.3738242170735897,20.03784963677258,0.9947489141392191,0.9413355257078233,1.2247684526879465,0.2449499588885074,366.680518135496,208.28529657149244
2018-09-01 01:00:00,26.73040433933796,0.3496908216907127,1.3576026496037927,17.86624016927533,1.0250775335313207,0.8741405085928984,1.393211216215472,0.2590228601553042,402.45285937540746,223.9422874315621
2018-09-01 02:00:00,23.56316196311491,0.38915856820971795,1.3746967751065264,22.239907987898896,1.1999640060521979,0.8732744540546458,0.5581122110151526,0.1845698090142518,393.5375789002771,216.75740460016522
2018-09-01 03:00:00,25.5987768744401,0.3076226480336751,1.3335414510340875,19.35961027020011,0.7298556372528086,0.7446611894055712,0.7612946135145019,0.25344704446237426,388.07737951984495,209.76279046078912
2018-09-01 04:00:00,23.409044408947274,0.3364519612333664,1.3652653875857368,22.2345488529922,0.9418463663181356,1.0883238027102982,0.3551450467891065,0.2060973244245759,386.8878063766724,215.83340838790178
2018-09-01 05:00:00,21.097938856526653,0.18983189540632797,1.3714537351989098,21.92685663270474,1.240402681996616,0.9153036124487423,0.5928111776582425,0.12151621333178102,332.3817240996937,173.42262677815327
2018-09-01 06:00:00,29.05172890072067,0.2226799727902821,1.3723146074251384,19.773393543206403,1.1755360975032578,0.8651112131429436,0.5751559588861713,0.13458724644314024,376.59711696387126,195.5935309516352
2018-09-01 07:00:00,30.023191978325244,0.26709648911933304,1.3727550766238765,19.555570324212656,1.0664674799769829,0.750514149350159,0.4516180926926066,0.23904249993462626,394.7452891561739,215.26855245913683
2018-09-01 08:00:00,29.292355190144217,0.398553927148271,1.3781470740041961,21.394669694993862,0.7289501670404883,0.6336173779217829,0.9047725444864358,0.22533990296467127,457.8815425122173,232.85098390389493
2018-09-01 09:00:00,26.952410657008585,0.29232224478549457,1.3943832455425818,20.018834563052852,0.9910161580525908,1.1615928385098688,0.5976641427856589,0.20795525363858994,391.3910095611918,217.9786440733579
2018-09-01 10:00:00,25.69678670268845,,1.4062355122239756,21.211270147528406,0.8938152286750121,1.0109277416263613,1.2571756998931038,0.29500585086532516,372.30001563386674,191.68368248257147
2018-09-01 11:00:00,32.95000474357738,0.1275159158579588,1.3605070431945518,20.56361069524436,1.0595870025070984,0.5752164314860065,0.18577256852954951,0.16312221969592947,372.0087765674915,191.6330058714009
2018-09-01 12:00:00,27.78622677704327,0.05733566107537756,1.3439039743383256,19.058762325347864,0.8543175967369215,1.0526284601419313,0.7224096880764262,0.09273738497439134,328.85489033000454,165.88613438117207
2018-09-01 13:00:00,27.187728164445964,0.22206755137348294,1.348738667632707,18.571156619887027,0.8153697889045707,1.0844962340466218,,0.030691642726624863,388.38912971502066,204.30702541492604
2018-09-01 14:00:00,20.384630987096536,0.35433842956336103,1.365383912364152,21.569706655347066,0.6283242500169446,0.9248752244601859,0.6048892671741771,0.11277387682477821,365.0722285560328,200.18048649841887
2018-09-01 15:00:00,25.118717414392346,0.348654226930259,1.3694423604655046,20.672169849533454,1.2199248432958063,1.2196221791503519,0.6850270303438143,0.1496539137217744,394.6387719879817,228.57441470140674
2018-09-01 16:00:00,25.702934281787854,0.4167615545059931,1.3569001180140763,20.729056497498043,0.9280413079402496,0.9433439284245766,0.19207584460506383,0.25435653026985117,442.934097204906,240.7597351688606
2018-09-01 17:00:00,25.982341713453508,0.37744975860061397,1.3411165000725032,22.27288332913243,1.0282862410664562,0.6166352944101621,1.1026163359282484,0.2392224227901169,412.2444162735992,215.87180498575074
2018-09-01 18:00:00,28.702585538409984,0.3316058992043685,1.3663163751757743,22.889403477814536,0.9995971390346474,0.9730338002096642,1.4329021067309895,0.19128402410531198,381.77944671162373,234.9455853864091
2018-09-01 19:00:00,28.004038200903175,0.280481119918757,1.385442798603419,21.195975455080475,0.8078618920671101,0.9489794603425459,1.247373341300256,0.1868781068358736,399.71491447527865,233.64493465418406
2018-09-01 20:00:00,29.11857639190167,0.2465055046329247,1.3978508839750667,21.15438467910889,0.7733683159393252,0.7793406302443691,2.0374739936196287,0.19118930920918165,404.9822408892544,216.2014282574443
2018-09-01 21:00:00,31.473248923131926,0.12372972873832479,1.3632773084067502,22.20165419871987,0.8190432773204976,1.014711767375485,0.9590933133107277,0.08640790912581897,333.59437706469544,196.50661761637937
2018-09-01 22:00:00,32.1947860807414,0.18275119120541447,1.3676100653356968,20.009833041075957,0.8698296810107092,0.5664669467618276,,0.2864646441355849,405.41996895899786,205.7386186151786
2018-09-01 23:00:00,30.77184614339742,0.19969912102666665,1.3521990507345805,21.94089511929314,1.0659891244624848,1.098113365488558,0.9206623827943479,0.27507104756746564,376.6709079414319,211.9371068558399
2018-09-02 00:00:00,34.33285543932402,0.2744182426448967,1.3790568248887567,22.368602263957506,0.85677082056629,0.7243756592789095,1.4853524680585144,0.24964312702183472,440.9913379339871,227.7678308692502
2018-09-02 01:00:00,20.273488740145424,0.2745746495665165,1.3545471409742755,22.554104785879364,1.3143683136870319,0.7030107749765935,0.1934666323857489,0.25869571526981566,352.4400123278273,188.52013218020903
2018-09-02 02:00:00,22.93666978525319,0.2541859585710342,1.3971938343972359,19.443466932626954,1.184887186460767,0.8772350455385046,0.3579484052094178,0.2697820879970857,343.77802305990554,180.44310016540734
2018-09-02 03:00:00,20.11344312467213,0.18323472859911347,1.3264240052419765,20.881928633963682,1.1455047189398275,0.9865945856087271,3.336979778663289,0.22543604366810552,325.1640157743716,175.6558828653703
2018-09-02 04:00:00,29.712120712319045,0.20903656896512035,1.3692111098264261,20.767858454267817,0.978461397554833,0.932784812718686,0.08737589885111462,0.16938715802642126,364.1025014506478,207.11244300005498
2018-09-02 05:00:00,33.470458234249804,0.2803845767408772,1.3890332201757523,21.966084734002468,1.272570532429687,0.7514681668455243,0.7051789432549247,0.209599335995155,447.51785000490133,232.53698805620772
2018-09-02 06:00:00,23.65223444864449,0.17980208443190515,1.385515035489675,22.445779100124415,0.9607589863981977,0.7987821417616223,2.297689177241628,0.22090225202898015,355.95710699962615,183.22267392901432
2018-09-02 07:00:00,33.9055181719446,0.20785935939679276,1.4607910099194148,23.68581558962116,0.9943729454522358,0.6733915305245076,0.735593111837198,0.1559479452720236,408.2296060233924,226.80058491878114
2018-09-02 08:00:00,20.90401085434341,0.23914498770011366,1.3904940007370372,21.314887941631564,1.0305954171548686,0.855064019674026,0.5556295323039114,0.25071090384525,337.9015547480865,178.5348067718401
2018-09-02 09:00:00,34.01654040208271,0.18495630870061844,1.3498783620947397,21.329043045599764,1.126328147297802,1.115004242902182,0.8988275904291452,0.240027664486529,412.01989737943165,211.27971023075187
2018-09-02 10:00:00,25.274340308594518,0.1574409116977929,1.3771360725873276,23.321214835103916,,0.8991474124712248,0.5821939069329007,0.25980576042797526,369.88704882101257,185.99825500924285
2018-09-02 11:00:00,21.52131242673825,0.20365750608975217,1.3267126099960063,22.311169236084297,0.9144774498799715,1.0718828509518907,0.8225228563667543,0.3113987095175803,356.366485237567,181.4676799614535
2018-09-02 12:00:00,27.288076387794884,0.12688657279941667,1.3775820075210972,23.488313185635203,0.9040611305033284,1.1910802675452383,0.4324941476346526,0.26015255498043827,356.4610412661776,183.79745100814438
2018-09-02 13:00:00,23.851648515807618,0.19181449817954307,1.355008318289977,22.323641792162274,1.1151825322873752,0.7823962961926066,2.1698616866412115,0.24710865340730986,362.7585152442709,190.20416316219107
2018-09-02 14:00:00,24.27309352942884,0.13764179883294417,1.4074617082668048,20.59684435910302,1.1287425851004218,0.862685349388927,2.8800132005017,0.2688668263547529,334.58559559710335,185.08647715364137
2018-09-02 15:00:00,24.609349473894298,0.25637755462571826,1.3635137917621338,20.392023182794073,0.9291967975318829,1.3342385722124992,0.70949995825825,0.1898284307848486,366.6228115435493,202.9960952556606
2018-09-02 16:00:00,32.04538846748995,0.44149050786906674,1.3764970225261426,20.13453026324386,0.7143061474578782,,0.22969934290980848,0.18914015824166922,457.7634672883966,267.162841859774
2018-09-02 17:00:00,28.087419150128817,0.3151828113722011,1.3609332647578678,22.793548372648516,0.962683102718516,0.5655190948375295,0.49927291714437444,0.19301701014407044,382.26470901332516,217.57626461804952
2018-09-02 18:00:00,24.669615487340053,,1.4321655405555997,23.42631618770441,1.1122346437886546,0.9774296632121813,0.6779150150671652,0.1304466929854386,420.4688039490224,227.39828935013858
2018-09-02 19:00:00,29.155006749663777,0.2537158654747988,1.3703627170164625,24.218320740602007,1.3249750323555605,0.9001119984679391,1.2609197788867677,0.28932622311169587,397.8855715120221,220.67796719042576
2018-09-02 20:00:00,30.742260113347903,0.33587743973618234,1.4349767113043759,23.008071360902466,0.7843675667786809,1.0652906221717524,0.3229184539555813,0.16115812725747336,454.9825430824884,248.15370880750504
2018-09-02 21:00:00,24.089360011003006,0.2088935350885104,1.404424552863548,23.387183501569428,0.9232171744904968,0.7510042465029889,0.4003605999555931,0.09080864213325456,372.68801468717857,189.49002485129847
2018-09-02 22:00:00,26.203236522880275,0.2596724152361743,1.3944620018200615,21.289364702374524,0.9299073589254322,0.7320783255918656,1.266763183623343,0.20533877982216747,394.4482059571028,208.64763079205872
2018-09-02 23:00:00,21.828291400054212,0.18693157331417376,1.3910619944195255,20.589469208457842,1.2440449610976703,0.7647858569412781,1.8624156795490459,0.237999242941093,356.42048020391434,180.2535133957352
2018-09-03 00:00:00,22.717240243020203,0.18929333419205213,1.3918139189464875,22.987226571110707,0.9937105299174461,0.7856142907603134,0.457225674829699,0.15324165671580914,340.2431060868065,175.0541263931908
2018-09-03 01:00:00,30.216767809474742,0.12502331192265193,1.3221698226196317,22.456493812535214,0.8366812193129922,1.063064833361803,0.24098058717665602,0.20038233493558705,377.3866917166653,186.87799393110038
2018-09-03 02:00:00,22.721575215434406,0.22830435601751664,1.3716334981754772,22.070541661658492,1.1005651509259273,0.663759765370224,15.37223299735704,0.2803004276611908,384.7153628966219,203.31411642609285
2018-09-03 03:00:00,27.877450755005903,0.16785462085709468,1.4053547391355294,22.390975820330418,0.9271650663926296,0.7754772200081362,1.6190349503294892,,376.5477333383173,204.77930850394407
2018-09-03 04:00:00,30.63569392583649,0.2366553753465125,1.3785330844957768,22.296669097023095,0.7796102907955682,0.5421975218997117,0.6291113965652929,0.3709480578890121,391.3922650222834,208.27737709989398
2018-09-03 05:00:00,21.603153846421158,0.2131309204815721,1.3378443045958925,23.430343332510255,0.8393008046902929,1.1014235646824746,1.7488957638030016,0.1911251260813251,341.8673912137143,193.42005570677495
2018-09-03 06:00:00,28.509683294433554,0.2150338545931914,1.378427866482676,23.42286830618318,,1.154206019886228,0.7152275622404285,0.22830448288034116,394.6469186863644,211.91351573658167
2018-09-03 07:00:00,23.848441755520454,0.23734417080724426,1.4311231654876646,22.499284811519832,1.0691576598969033,0.8345853138272428,1.7459479550623198,0.2789743899014649,379.6032362479864,200.630560083032
2018-09-03 08:00:00,34.4439031285637,0.18019494583236312,1.4174067514660416,22.83673780473149,1.0193968099814577,0.8404101270373554,0.9234028584755903,0.29286526803719376,393.21806068493436,226.89611809015426
2018-09-03 09:00:00,27.25318470079887,0.21796583116592513,1.378139879719019,22.41243002064414,0.9550191275538317,0.9906443804565794,0.868490316572175,0.23545781722357736,358.94106044233274,207.67300687985937
2018-09-03 10:00:00,32.08988824662737,0.35000284696450046,1.4085434783117425,21.214166497188373,1.0525867915813838,1.1948964014756511,0.7222620666693429,0.19584820141347747,425.15629761476504,244.96707394186947
2018-09-03 11:00:00,28.253398132343925,0.25775441000853316,1.3690047893889583,22.64570614567398,1.050442470280449,0.9817221495127835,0.21744991052097407,0.21615763111332192,406.00718354691566,208.10531502701662
2018-09-03 12:00:00,20.651187992822287,0.3491728984678808,1.3288838523951982,20.032945015139802,1.0525903890773187,0.7604916115049771,4.57744900955731,0.2506398478671173,375.1936759516237,209.2028737436135
2018-09-03 13:00:00,29.497270633910336,0.4392688396065393,1.3522660203561132,22.937781316350964,1.0206721162499954,0.5762354856027119,0.3428288007645009,0.2585323148972122,447.81220451402817,247.28753273763257
2018-09-03 14:00:00,34.271050133099855,0.317195788602334,1.426886663055246,20.204728196996207,1.1563837008949989,0.6769747474673025,0.23523629250488112,0.28952286238593067,464.4206445977819,234.55145822014592
2018-09-03 15:00:00,29.024177302194968,0.1806326836143896,1.3717802075451209,21.944446503136884,1.0041587822801317,0.914643890062493,0.6605268889903028,0.1845815200075543,357.31373646231,193.8118816029352
2018-09-03 16:00:00,32.287832891401855,0.2255997505438139,1.3726984806187494,20.54891837728934,0.823971009600525,0.7689344953598412,0.33673191034930117,0.1690826532571145,387.7631892666085,215.66893706188128
2018-09-03 17:00:00,33.263096950226114,0.1891272235593199,1.3710048541117534,22.18709590040395,0.8897638796378438,0.9389935411981517,0.7636199487852856,0.11704863602684346,385.2966331746377,218.9203934515534
2018-09-03 18:00:00,23.421196579233985,0.35687731402456413,1.4371240976871902,21.440562474742126,0.6437766351718518,0.7894151967527532,1.4856374098623235,0.11906241505093756,432.3487865027871,219.7204859609203
2018-09-03 19:00:00,23.1806725986234,0.32759872305718146,1.4287787674608619,19.524139572423902,,0.6883707137411177,1.9593818858886152,0.20435070253942086,425.46190335279215,223.4152362601315
2018-09-03 20:00:00,29.164714832764876,,1.4465634070034439,21.897603835017172,1.1552958265514837,0.6645936737093858,1.6654812124227352,0.20108945676716625,415.1678050466753,218.9769545740156
2018-09-03 21:00:00,26.16542704710057,0.15132744656711195,1.3752286436879984,20.652534212930963,0.8505873108767373,1.212470901874646,0.6076158632086508,0.3490652238492859,358.4821944780301,188.70666533596813
2018-09-03 22:00:00,32.597919543000806,0.2681216093242448,1.3888687346624127,22.355061622129607,0.949267927108522,1.0777975498367287,0.8365149334454587,0.29304351634095455,412.8960025581851,230.3590093914641
2018-09-03 23:00:00,33.50034685097017,0.21699040860023644,1.3345007235173763,21.249309069317658,0.885362234642842,1.2461035903655917,1.1548235878241175,0.2514076226393569,431.3395311462225,220.79797023783954
2018-09-04 00:00:00,25.301320689540773,0.23039958997699977,1.4243080327835482,21.670657605172288,1.277658498047341,1.0079901801510207,0.16444942006563018,0.22921554875002711,375.78599995763733,201.89089803499564
2018-09-04 01:00:00,23.55305838461723,0.31274393259289834,1.3449666134619618,19.99392105819442,0.7444221104312327,0.8140017182770323,1.3369390083521575,0.1712608076784201,395.0853653053106,200.86670958865386
2018-09-04 02:00:00,31.70788272865793,,1.3865032669128787,20.381089899225717,1.0206056905873804,1.1646681844979876,0.21551755519387195,0.17128628786439645,401.85012476667987,232.7253828030628
2018-09-04 03:00:00,24.122090533222043,0.24995175296318084,1.3470809241710147,20.481657044351252,0.9804649883383274,0.8933863997276464,5.0186872107547975,0.2424390543453366,375.61624334661116,210.01765724479907
2018-09-04 04:00:00,32.33921477770517,0.24864075428842497,1.362333995197839,22.002268411621323,1.1488309535276406,0.9441683540580705,0.555877614097019,0.2243016726948683,433.00983914368635,227.03715479859764
2018-09-04 05:00:00,26.356073804731444,0.3037144889231848,1.354882127068509,22.927764771100545,0.9812783390095549,0.8914351241848962,0.6773743458636927,0.1589734198239127,403.94549543211735,207.1716411643576
2018-09-04 06:00:00,30.013248489372057,0.33485968908705543,1.3617637421797253,19.887895864158242,0.6835224022020217,0.31061915614319713,0.40016435025286157,0.11187897466562949,443.78281429537066,215.34159621001143
2018-09-04 07:00:00,21.433029707520024,0.2917926838605525,1.3638263189055306,,0.9547987897643606,1.2209470024589706,0.4537918891471915,0.1121152712994271,367.4902890948923,204.46536391046175
2018-09-04 08:00:00,29.357889870148597,0.2843468036221082,1.3635519361522477,18.124451620369495,0.8250108007702015,0.9982007891915508,6.193749639638623,0.14370096884430908,404.1925465467251,225.75324670695917
2018-09-04 09:00:00,26.776515181058436,0.24430044161359665,1.4050000173534092,19.229848487431088,,0.965964612173702,1.864865939948064,0.22983577343516115,376.81752621742095,213.39937948227796
2018-09-04 10:00:00,28.79912694763211,0.12780131657596208,1.3468541162081242,19.44573251128974,1.2581518665736589,0.8876447875458879,0.19840879570029035,0.1294721455791105,347.5166360669064,182.19950455932516
2018-09-04 11:00:00,22.52021311617295,0.18506899019502382,1.3866162428104158,18.90524705400777,0.6869034560381899,0.9326855640772262,3.0976633193156395,0.13049371067414092,345.6557823137554,185.91298161261324
2018-09-04 12:00:00,31.053106174162732,0.35592363400316207,1.4165387745691667,18.55856288511928,0.8559599076280173,0.7805442128307505,2.3414596016801004,0.1589548275705893,427.7092247799812,239.8057787594519
2018-09-04 13:00:00,32.941956163148426,0.2534490125469284,1.364604109064598,20.883720904280377,0.9005152683189706,1.0233158704614542,0.62111764697073,0.057350550484587495,429.14029318258156,225.07490461086752
2018-09-04 14:00:00,23.251097001361636,0.19057193201463363,1.3584624332775719,20.05915756475848,0.9313064028256219,0.6385803311201735,1.0543070184055525,0.056394433312768125,339.4160453973354,175.25160852261052
2018-09-04 15:00:00,21.435718332802427,0.13874213067874425,1.3730842612445924,20.697927164245428,1.1332226195389439,0.9372136864941094,0.7893122969750948,0.06504334760348969,327.420166706923,171.84907097204092
2018-09-04 16:00:00,20.354578790695047,0.2300868337729708,1.4153917562508211,20.996517446099812,0.9687620048389503,1.012314694114221,4.721744660148611,0.06326778613106392,365.6057867176233,187.8139084275333
2018-09-04 17:00:00,29.62957250664899,0.2719396199767948,1.3858232289286005,20.410730552182034,1.0748444906296801,0.8602661732354194,0.3907041240610938,0.1214740443799372,391.642873872323,213.3640190994837
2018-09-04 18:00:00,29.106410541331712,0.2526747185904398,1.364063571161772,20.804099449533588,0.8873608521282803,0.974173558494205,0.912347799490669,0.13525085005785445,414.15234204463746,213.5121864037513
2018-09-04 19:00:00,28.20046119071105,0.1784307780821906,1.394516299535641,19.85291543045233,1.0413863821752287,0.7017331215531499,0.544180465434639,0.1198333438786505,350.24989879389386,191.4053768516936
2018-09-04 20:00:00,23.47920644173963,0.20729168798872738,1.3469312355049072,,1.1400035735579888,0.7068346458208072,0.22027469112159462,0.1695777639203484,345.0406703006055,169.80636810180195
2018-09-04 21:00:00,25.86358993858272,0.09493441140524483,1.4004407853132883,21.04529936328397,0.8681860810473241,0.9473434242052786,5.750753434057291,0.27713114141098405,354.26721247953316,179.39053134293385
2018-09-04 22:00:00,28.917145027792596,0.15292821333227083,1.3922582192310529,18.98703429261661,1.1406444615651727,1.0357099309242104,0.27622114820085686,0.33663407585109556,355.8829688272052,194.59709455781515
2018-09-04 23:00:00,27.45150288288754,0.25177170021962436,,18.488174580397377,1.0094270983709623,0.5250268688996578,0.9752833034252806,0.15861413918691714,363.87525973949255,188.49765345781626
2018-09-05 00:00:00,34.81678280322331,0.1511442592230428,1.354842426046583,19.313210062789548,1.1881828432868056,1.0044041270221533,0.16699789072130197,0.20179281454225864,390.2655866182658,210.65911382165302
2018-09-05 01:00:00,22.046596288350997,0.058199519309756864,1.3533995723314962,18.346085514950474,0.9637444179861447,0.7913596999247325,0.5586081493843891,0.18239429132152488,306.5937568609176,147.52575916520664
2018-09-05 02:00:00,30.427168310713906,0.24209469485241858,1.3960445200903773,18.85424096243716,1.0686240379291778,0.8614387825385175,1.1695609102382027,0.1907458953648363,388.16299238888814,205.6251275398618
2018-09-05 03:00:00,26.06478152156438,0.19552551523632622,1.4168694150746717,19.680698915966346,0.9926908782978646,0.6320964152869926,0.3808292630143407,0.16255055520634887,369.2599335753141,181.9960794844048
2018-09-05 04:00:00,,0.3027436883409341,1.3608807675891361,19.597525672494594,0.9826817928326957,0.7296765519626583,1.3565953127082477,0.17658565091704145,399.6687091530888,210.93726263894916
2018-09-05 05:00:00,30.763966484872643,0.27460076862282734,1.3937516011065445,18.012832369749567,1.0466074770806242,1.0932250651060622,0.6279589166421675,0.187035834314546,386.20261450041727,220.00159721166537
2018-09-05 06:00:00,,0.25426415268067293,1.3173891894419378,18.414753552461526,1.0966253444604828,0.9065726747960426,2.2726139977654887,0.14948439514779222,386.5066656501906,215.03743362554786
2018-09-05 07:00:00,34.86883990553282,0.2880579228362027,1.362461468080284,20.19805732720232,0.7750783158536791,0.8234443196580883,2.724925997026606,0.10790858421916447,461.26652045619716,248.140062430345
2018-09-05 08:00:00,,0.2059206374456266,1.3790682320138727,19.41250951799607,1.258054049587218,0.8767023294737931,0.4717935250788489,0.10982340957432964,346.87726780806526,176.67273230668252
2018-09-05 09:00:00,21.561644740762496,0.22974421769159026,1.352709497490545,21.214021045655553,0.6652606527010363,,0.8572000321640018,0.15194960161200372,346.2586379924075,182.5819853158325
2018-09-05 10:00:00,30.865082256931117,0.20530179919818575,1.351904808756312,20.046380689224307,0.8767338202469988,0.9880988992326676,0.9436171585401103,0.19910954146825807,373.7381818070125,206.71114094278772
2018-09-05 11:00:00,28.675803755096137,0.11307178396632753,1.3599666133059334,19.908861252716118,0.9830315672623179,0.8849945999206399,1.3969213990314553,0.24266666352136362,342.52728721149145,189.20801433132485
2018-09-05 12:00:00,24.112409998397087,0.1811488147545412,,16.774977597907856,1.0742240744354707,1.1185918221793336,0.8104223441327362,0.1879485967288034,336.771223832877,190.34288096754395
2018-09-05 13:00:00,21.1912905348348,,1.3743801294478086,19.261019192895755,1.283711054993448,1.0940925273813333,0.9493728332690191,0.20179983207544624,326.093258197762,169.10373303122668
2018-09-05 14:00:00,21.28487374394646,0.18895569576898527,1.3128530630002508,18.18391139845919,0.6655075321194807,0.9826744058260792,0.6426150715054434,0.25083005476246567,309.6282644077428,177.53987396135062
2018-09-05 15:00:00,33.41286311996177,0.11045611156515707,1.316378995420948,17.48902953302592,0.9086150568898521,0.9109223565820141,0.8874281922565848,0.2924337265661271,370.68290709326317,189.45731817992112
2018-09-05 16:00:00,22.878009870781142,0.27963130751663423,1.3617940446642847,18.25373926859305,0.6171699721961322,1.0314642190239078,2.5728201267455373,0.24393026469178491,390.2828620920363,208.85734804688838
2018-09-05 17:00:00,24.850573431732812,0.3408790501725333,1.3937305975816066,19.08766276827673,1.0056919553038446,0.9628534843602367,1.4309397063745088,0.2051022553186942,381.2480610341775,213.97583955878082
2018-09-05 18:00:00,23.39984603340482,0.39074780585453156,1.2975748547182429,18.455099875454756,1.0489030452100054,1.1121600143611896,1.5037868962792884,0.20652880722140005,396.8044579942753,207.70557719387998
2018-09-05 19:00:00,25.32494458747906,0.32408788790283755,1.365008094715451,16.70006166672595,1.2863432335908254,1.0799122753476615,1.533602802899657,0.12693483595899568,380.8977924559084,217.91974010463207
2018-09-05 20:00:00,21.0413576411914,0.1635268903717127,1.3642125643044773,18.544774831213147,1.0217142569608217,0.6963492197164542,0.696580822617361,0.13654433091326693,320.9481261116347,157.9925880183606
2018-09-05 21:00:00,27.785896863624053,0.34570221385935973,1.4216501333462532,16.78780922012396,1.1879245232996283,0.6828073658516587,1.0658800414165863,0.19860178245634794,409.5190873979763,214.13189561115468
2018-09-05 22:00:00,21.014188453883225,0.31210374906108235,1.368449345648614,17.711551116355153,1.1050906746770306,0.7597500911191848,0.30125449840730467,0.22967789724043083,352.4054797115242,179.587627702617
2018-09-05 23:00:00,32.005347617335424,0.23356864066115338,1.3914896695422279,16.985686245090633,0.9216553245390697,1.0952277380133841,2.5062392915642646,0.19359068208242516,432.5962738518058,226.28307814743678
2018-09-06 00:00:00,23.505681228656496,0.2718421744214565,1.3842377142026239,16.984830642823795,0.746387065577433,,0.06536241104462497,0.20121750131468508,354.5550885424237,184.25657932268115
2018-09-06 01:00:00,28.100178719067657,0.35865918513528333,1.316083005605784,18.064345542307898,1.049500413692526,0.9789514778215986,0.7396507938133682,0.1432514803713698,398.34761366814223,228.34015327160662
2018-09-06 02:00:00,33.20118631342187,0.324217385107861,1.4030462164989521,15.79365660222251,0.7314216369138344,0.9725086182185922,2.2337076499076938,0.20016041711632337,429.6368003449556,249.69530647643276
2018-09-06 03:00:00,29.76316053570791,0.4042381830106526,1.3864618951636885,19.272840879373696,1.233137273080536,1.1325296117372385,0.23442379976953773,0.18742696410160564,456.50633260439554,245.88761102262092
2018-09-06 04:00:00,27.99436679827003,0.44460672318880634,1.3952480591902376,14.649735322607015,0.9708288216333717,0.9360677381327775,1.146436429742079,0.1678990913591951,413.1100804449844,242.19037940840752
2018-09-06 05:00:00,24.865006296730634,0.30011421123999976,1.4977871311930897,16.01401484052506,1.215131934072055,0.6313581218832198,0.4335130613463757,0.15103602464991386,375.9836943990487,198.80809955607188
2018-09-06 06:00:00,24.995028695872968,0.23117673941524172,1.3174766118150423,17.071425047535996,0.9135614018561681,,0.5740340924097994,0.15884798277595683,371.21067470547064,180.06986152848322
2018-09-06 07:00:00,30.04230432797285,0.3134266906530506,1.4317408994928331,17.224111456208338,1.0483931415521786,0.6636008956204351,1.8742401299635618,0.14043613096965657,425.1046822396674,220.26609702081478
2018-09-06 08:00:00,34.91209041831751,0.0773896783523004,1.3713765744179893,16.297967977778704,1.037682794320244,0.792411206733372,0.9561004310799275,0.19575026074194773,355.8933675674344,185.15634415339997
2018-09-06 09:00:00,29.92758784774068,0.11721631939341116,1.3886198671320902,16.2451468938558,0.9918920587580337,0.8634196865152146,0.12821280808711893,0.1657331435641978,367.7248080232996,181.7073663349304
2018-09-06 10:00:00,28.366751260550373,0.042584927445414075,1.3786346326409626,16.70205708260816,0.9221212875886134,0.6669116947557886,0.3322304125514369,0.26701773190016154,317.37860579134434,153.07175511499057
2018-09-06 11:00:00,30.959757653588692,0.06668514509710788,1.3672729099980585,15.827431065674485,1.0706420833246937,1.194132398130458,1.9244854053093883,0.3201232693489798,329.78457634418555,188.56630251440032
2018-09-06 12:00:00,26.97808418425577,0.0977739944456392,1.3629050121528372,17.671817509521915,0.8332906125730225,0.6349437256095118,1.1983012095084953,0.21058135221811755,329.9087981383531,167.76602651034662
2018-09-06 13:00:00,20.90213513901178,0.11478224587934682,1.3898852620671902,16.902504498454235,0.7823016407873694,1.1692206847724962,3.858114003555477,0.20253106749662736,311.16514640409383,173.3415262591446
2018-09-06 14:00:00,28.434452238168646,0.1111666719465341,1.3344847890998495,16.837992240991753,1.223708840798829,1.1370326062878682,3.6372913982671626,0.1544792432178047,364.5083976983243,178.84343961693952
2018-09-06 15:00:00,34.3643792675807,0.06504517839226875,1.4025173750256528,14.526596194497863,1.130890238000578,1.0796605099378072,0.5879201330552467,0.14508869213936615,351.5460766126669,174.4136911942809
2018-09-06 16:00:00,22.629544135364895,0.303884526220083,1.3675141678534424,15.486195048248415,1.0118604895484031,0.76124667850065,7.61233892282043,0.2791988633423075,397.34409153020624,202.97643774011817
2018-09-06 17:00:00,30.350073362309985,0.43711612868696614,1.3460979198287892,15.116506405049202,1.2997256288578807,0.9684901758353803,0.8178209544340895,0.22106503297843652,467.5851885866828,255.7948544220625
2018-09-06 18:00:00,23.014005329885848,0.28801602446037367,1.3664996142601256,14.166107569566746,,0.6445257732898764,0.33636942888657406,0.22625258201170764,349.764655170495,178.50607803384554
2018-09-06 19:00:00,28.03741526709622,0.40318055722654694,1.4177144765058771,15.700980960304044,1.2380865795980163,1.08218140700675,0.4522955547562075,0.24023082684752128,413.4829460453573,248.4709153072415
2018-09-06 20:00:00,21.450146744700795,0.32526915082075464,1.3639399473895133,14.519786484903824,1.0316033352866478,0.8852030436927463,0.10495788063881446,0.15610073375951833,353.8386447107806,188.99692299603032
2018-09-06 21:00:00,26.755564043872777,0.3130234034410651,1.3907536085462886,15.847877805578921,0.8155448649862498,0.818135957082663,3.3979542389677855,0.11435471179115872,391.03170459912013,211.34577318972208
2018-09-06 22:00:00,31.34244993342869,0.28905446561699233,1.3580713117285357,13.673881058525229,1.332647234518753,0.6552510306687461,3.360676317953753,0.06825148479020812,418.69285856556587,221.47234483459548
2018-09-06 23:00:00,25.21357286358473,0.22455823463157734,1.4027376554977085,16.91799476315093,1.1783279523923353,0.4044987762741966,0.3207477641365847,0.05979264684025826,372.85847533386874,188.99174595655958
2018-09-07 00:00:00,29.97367586730827,0.3108989517305959,1.400565232163706,13.67693066478299,0.9782162144182784,0.6922918285928488,0.6516553827473386,0.01,401.35821332360047,206.55587163966393
2018-09-07 01:00:00,31.93174941184594,0.3027001886575497,1.4354582649988923,14.913456478577338,1.1308908267161109,1.1225596391225814,0.8718858569685509,0.06679921297469209,421.683995852884,235.79333396317412
2018-09-07 02:00:00,,0.2487660182027455,1.3747330816350234,15.498699798867687,0.9273333818803767,0.8194333143050392,0.3370711314865424,0.23533115826017945,401.4992525719904,215.1055684091219
2018-09-07 03:00:00,,0.14476905723788402,1.400059644142737,13.762317213144739,1.1492468263107176,0.8661342285769905,0.16484735088279817,0.22206793929829927,329.2636692530264,166.49992568231613
2018-09-07 04:00:00,25.98973873713962,0.1048507389689892,1.3829420261861682,15.369138237217548,0.5696058582488873,1.0311108716576907,0.6620161055514941,0.12026463201854311,323.549210964855,179.00250817057247
2018-09-07 05:00:00,22.28624019995626,0.01708510803012467,1.4188761534558902,12.77074945430309,0.8164357599349732,1.261133775623253,0.5992268501253545,0.10559219623712898,261.6556777340251,146.94063669864968
2018-09-07 06:00:00,,0.08793745949430083,1.358435028371738,15.888439272769384,1.1762667539716534,1.1650009309891278,0.5639928706789634,,359.5306401189892,195.53465607819516
2018-09-07 07:00:00,33.905014518864434,0.04082297426325891,1.4023501593863184,14.063570191215971,0.9550620031205945,0.7055329992367624,0.9775565912139936,0.075638537591664,347.3983817936572,178.73723647582383
2018-09-07 08:00:00,28.099356954208396,0.08233124098279795,1.3741590811164994,13.23218545048334,1.0373576130799735,,2.8962712718606154,,336.3570398055679,163.3047133666564
2018-09-07 09:00:00,32.63049941564632,0.24224001697678824,1.3780743546867449,13.490774175815272,0.7575785808192218,1.3719228518200208,0.60900609748193,0.2220120511777447,385.98334548736,226.70282171767602
2018-09-07 10:00:00,27.814369659080633,0.34051197771747865,1.382752574533451,14.723063562775812,1.3326160592263785,1.3537983223318908,0.9326317482428857,0.13588012307758723,391.52011969398546,226.67773539994624
2018-09-07 11:00:00,29.353785320041396,0.31077623287402567,1.3875672118928002,12.954266878843839,1.2142953358691817,0.9376907192858566,1.538856979987887,0.1970329365134028,411.66179828280843,220.23364784999396
2018-09-07 12:00:00,21.33686648174025,0.2855765849203659,1.3765131287063412,12.660350914237858,0.9638766606924406,0.6459023508836357,1.3173011793708134,0.2818285217226776,351.7014601086461,177.98385981343833
2018-09-07 13:00:00,31.32905630745212,0.4252935733979368,1.3864413954951156,13.198446512455336,0.9271547457646012,1.0926453067787878,0.4601859080006338,0.3552506053473801,443.01335239062405,256.73113342367634
2018-09-07 14:00:00,21.915702254528522,0.41436599100725263,1.4273435417268654,11.957418583941578,1.1853287850555447,0.8784032627974779,0.8724899526915958,0.4570630845935858,413.5602864915746,216.58261069060052
2018-09-07 15:00:00,32.391014453787925,0.33883167691495497,1.4095634905684564,,1.356844681030407,0.877403775378678,1.3094959430080728,0.2921182917895596,425.33951859713005,242.8737495106081
